timestamp_server,timestamp_epoch,open,high,low,close,tick_volume,volume,spread_price,symbol,timeframe
2026.07.01 01:00:00,1782867600,4019.18,4019.32,4010.66,4013.03,7819,0,0.29,XAUUSD.vx,PERIOD_H1
2026.07.01 02:00:00,1782871200,4013.06,4018.24,4005.37,4005.68,8519,0,0.29,XAUUSD.vx,PERIOD_H1
2026.07.01 03:00:00,1782874800,4005.66,4009.66,3993.15,3996.62,14246,0,0.29,XAUUSD.vx,PERIOD_H1
2026.07.01 04:00:00,1782878400,3996.61,3999.68,3973.88,3977.72,21746,0,0.29,XAUUSD.vx,PERIOD_H1
2026.07.01 05:00:00,1782882000,3977.72,3985.96,3970.18,3979.11,16503,0,0.29,XAUUSD.vx,PERIOD_H1
2026.07.01 06:00:00,1782885600,3979.14,3986.89,3976.74,3980.49,11548,0,0.29,XAUUSD.vx,PERIOD_H1
2026.07.01 07:00:00,1782889200,3980.65,3982.76,3972.42,3976.49,9357,0,0.29,XAUUSD.vx,PERIOD_H1
2026.07.01 08:00:00,1782892800,3976.49,3978.80,3969.84,3973.93,14572,0,0.29,XAUUSD.vx,PERIOD_H1
2026.07.01 09:00:00,1782896400,3973.92,3977.42,3963.11,3971.77,15734,0,0.29,XAUUSD.vx,PERIOD_H1
2026.07.01 10:00:00,1782900000,3971.78,3978.26,3960.10,3975.93,14727,0,0.29,XAUUSD.vx,PERIOD_H1
2026.07.01 11:00:00,1782903600,3975.97,3984.42,3969.41,3974.45,12627,0,0.29,XAUUSD.vx,PERIOD_H1
2026.07.01 12:00:00,1782907200,3974.43,3985.93,3972.78,3984.38,10577,0,0.29,XAUUSD.vx,PERIOD_H1
2026.07.01 13:00:00,1782910800,3984.45,3998.67,3981.33,3998.40,10196,0,0.29,XAUUSD.vx,PERIOD_H1
2026.07.01 14:00:00,1782914400,3998.39,4035.48,3997.90,4030.37,16390,0,0.29,XAUUSD.vx,PERIOD_H1
2026.07.01 15:00:00,1782918000,4030.57,4033.95,4019.62,4022.73,18119,0,0.29,XAUUSD.vx,PERIOD_H1
2026.07.01 16:00:00,1782921600,4022.72,4107.89,4012.83,4089.72,28276,0,0.29,XAUUSD.vx,PERIOD_H1
2026.07.01 17:00:00,1782925200,4089.59,4115.65,4082.91,4093.33,26321,0,0.29,XAUUSD.vx,PERIOD_H1
2026.07.01 18:00:00,1782928800,4093.38,4094.50,4076.81,4081.11,19422,0,0.29,XAUUSD.vx,PERIOD_H1
2026.07.01 19:00:00,1782932400,4081.11,4088.39,4070.46,4071.20,15177,0,0.29,XAUUSD.vx,PERIOD_H1
2026.07.01 20:00:00,1782936000,4071.17,4073.57,4067.34,4068.15,13584,0,0.29,XAUUSD.vx,PERIOD_H1
2026.07.01 21:00:00,1782939600,4068.17,4070.71,4057.82,4062.11,12710,0,0.29,XAUUSD.vx,PERIOD_H1
2026.07.01 22:00:00,1782943200,4062.12,4068.30,4034.47,4038.79,13565,0,0.29,XAUUSD.vx,PERIOD_H1
2026.07.01 23:00:00,1782946800,4038.73,4039.67,4028.49,4032.48,8374,0,0.29,XAUUSD.vx,PERIOD_H1
2026.07.02 01:00:00,1782954000,4034.04,4045.08,4033.08,4044.97,7107,0,0.29,XAUUSD.vx,PERIOD_H1
2026.07.02 02:00:00,1782957600,4044.95,4044.97,4033.43,4035.09,7634,0,0.29,XAUUSD.vx,PERIOD_H1
2026.07.02 03:00:00,1782961200,4035.07,4052.57,4030.78,4051.70,15502,0,0.29,XAUUSD.vx,PERIOD_H1
2026.07.02 04:00:00,1782964800,4051.74,4068.48,4045.18,4050.16,20341,0,0.29,XAUUSD.vx,PERIOD_H1
2026.07.02 05:00:00,1782968400,4050.14,4060.89,4041.24,4057.14,15555,0,0.29,XAUUSD.vx,PERIOD_H1
2026.07.02 06:00:00,1782972000,4057.06,4074.08,4055.44,4069.88,13690,0,0.29,XAUUSD.vx,PERIOD_H1
2026.07.02 07:00:00,1782975600,4070.15,4072.90,4060.56,4060.74,9827,0,0.29,XAUUSD.vx,PERIOD_H1
2026.07.02 08:00:00,1782979200,4060.72,4067.55,4053.17,4066.01,15746,0,0.29,XAUUSD.vx,PERIOD_H1
2026.07.02 09:00:00,1782982800,4066.08,4079.68,4065.91,4073.07,17536,0,0.29,XAUUSD.vx,PERIOD_H1
2026.07.02 10:00:00,1782986400,4073.18,4075.45,4060.75,4064.56,14926,0,0.29,XAUUSD.vx,PERIOD_H1
2026.07.02 11:00:00,1782990000,4064.49,4079.91,4061.25,4076.05,15649,0,0.29,XAUUSD.vx,PERIOD_H1
2026.07.02 12:00:00,1782993600,4076.04,4076.92,4063.91,4065.21,13199,0,0.29,XAUUSD.vx,PERIOD_H1
2026.07.02 13:00:00,1782997200,4065.29,4068.60,4061.49,4066.33,11355,0,0.29,XAUUSD.vx,PERIOD_H1
2026.07.02 14:00:00,1783000800,4066.32,4072.19,4057.36,4065.17,13163,0,0.29,XAUUSD.vx,PERIOD_H1
2026.07.02 15:00:00,1783004400,4065.16,4140.32,4061.28,4117.49,23601,0,0.29,XAUUSD.vx,PERIOD_H1
2026.07.02 16:00:00,1783008000,4117.47,4143.90,4109.37,4136.75,28154,0,0.29,XAUUSD.vx,PERIOD_H1
2026.07.02 17:00:00,1783011600,4136.77,4138.10,4114.03,4128.53,27207,0,0.29,XAUUSD.vx,PERIOD_H1
2026.07.02 18:00:00,1783015200,4128.63,4131.32,4114.65,4128.34,23169,0,0.29,XAUUSD.vx,PERIOD_H1
2026.07.02 19:00:00,1783018800,4128.33,4130.18,4100.29,4118.09,20796,0,0.29,XAUUSD.vx,PERIOD_H1
2026.07.02 20:00:00,1783022400,4118.07,4119.79,4105.71,4106.72,19080,0,0.29,XAUUSD.vx,PERIOD_H1
2026.07.02 21:00:00,1783026000,4106.71,4126.94,4105.91,4122.56,16300,0,0.29,XAUUSD.vx,PERIOD_H1
2026.07.02 22:00:00,1783029600,4122.77,4124.34,4108.13,4121.25,15723,0,0.29,XAUUSD.vx,PERIOD_H1
2026.07.02 23:00:00,1783033200,4121.24,4124.97,4116.32,4121.62,5597,0,0.29,XAUUSD.vx,PERIOD_H1
2026.07.03 01:00:00,1783040400,4128.63,4128.84,4122.51,4124.55,4513,0,0.29,XAUUSD.vx,PERIOD_H1
2026.07.03 02:00:00,1783044000,4124.56,4132.90,4121.11,4126.06,9206,0,0.29,XAUUSD.vx,PERIOD_H1
2026.07.03 03:00:00,1783047600,4126.07,4150.94,4122.97,4147.15,18237,0,0.29,XAUUSD.vx,PERIOD_H1
2026.07.03 04:00:00,1783051200,4147.13,4195.38,4146.61,4182.23,23533,0,0.29,XAUUSD.vx,PERIOD_H1
2026.07.03 05:00:00,1783054800,4182.13,4186.83,4176.46,4183.45,14599,0,0.29,XAUUSD.vx,PERIOD_H1
2026.07.03 06:00:00,1783058400,4183.37,4184.50,4175.19,4175.96,10880,0,0.29,XAUUSD.vx,PERIOD_H1
2026.07.03 07:00:00,1783062000,4175.95,4182.81,4173.20,4178.78,7650,0,0.29,XAUUSD.vx,PERIOD_H1
2026.07.03 08:00:00,1783065600,4178.75,4181.82,4169.17,4171.10,12458,0,0.29,XAUUSD.vx,PERIOD_H1
2026.07.03 09:00:00,1783069200,4171.14,4174.39,4160.46,4173.01,15215,0,0.29,XAUUSD.vx,PERIOD_H1
2026.07.03 10:00:00,1783072800,4173.03,4181.58,4169.19,4176.88,12250,0,0.29,XAUUSD.vx,PERIOD_H1
2026.07.03 11:00:00,1783076400,4177.01,4186.48,4176.86,4180.93,11184,0,0.29,XAUUSD.vx,PERIOD_H1
2026.07.03 12:00:00,1783080000,4180.93,4181.73,4168.38,4171.98,10309,0,0.29,XAUUSD.vx,PERIOD_H1
2026.07.03 13:00:00,1783083600,4171.99,4181.10,4170.61,4177.08,7993,0,0.29,XAUUSD.vx,PERIOD_H1
2026.07.03 14:00:00,1783087200,4177.04,4186.25,4175.53,4180.97,8534,0,0.29,XAUUSD.vx,PERIOD_H1
2026.07.03 15:00:00,1783090800,4180.96,4183.13,4172.12,4176.82,10082,0,0.29,XAUUSD.vx,PERIOD_H1
2026.07.03 16:00:00,1783094400,4176.83,4179.27,4163.54,4164.64,15410,0,0.29,XAUUSD.vx,PERIOD_H1
2026.07.03 17:00:00,1783098000,4164.54,4171.11,4155.31,4169.73,12538,0,0.29,XAUUSD.vx,PERIOD_H1
2026.07.03 18:00:00,1783101600,4169.80,4174.30,4164.41,4164.86,9515,0,0.29,XAUUSD.vx,PERIOD_H1
2026.07.03 19:00:00,1783105200,4164.79,4176.34,4162.76,4174.82,7521,0,0.29,XAUUSD.vx,PERIOD_H1
2026.07.03 20:00:00,1783108800,4174.79,4174.79,4174.79,4174.79,1,0,0.33,XAUUSD.vx,PERIOD_H1
2026.07.06 01:00:00,1783299600,4188.20,4191.43,4173.01,4188.21,11598,0,0.29,XAUUSD.vx,PERIOD_H1
2026.07.06 02:00:00,1783303200,4188.22,4201.71,4177.59,4183.10,10700,0,0.29,XAUUSD.vx,PERIOD_H1
2026.07.06 03:00:00,1783306800,4183.11,4188.88,4170.42,4179.70,18696,0,0.29,XAUUSD.vx,PERIOD_H1
2026.07.06 04:00:00,1783310400,4179.67,4202.85,4172.46,4185.96,22491,0,0.29,XAUUSD.vx,PERIOD_H1
2026.07.06 05:00:00,1783314000,4186.11,4187.72,4168.57,4174.07,18787,0,0.29,XAUUSD.vx,PERIOD_H1
2026.07.06 06:00:00,1783317600,4174.03,4176.29,4160.96,4165.16,13678,0,0.29,XAUUSD.vx,PERIOD_H1
2026.07.06 07:00:00,1783321200,4165.15,4166.53,4157.39,4159.57,9196,0,0.29,XAUUSD.vx,PERIOD_H1
2026.07.06 08:00:00,1783324800,4159.61,4160.95,4144.74,4147.99,14780,0,0.29,XAUUSD.vx,PERIOD_H1
2026.07.06 09:00:00,1783328400,4147.98,4159.44,4145.69,4150.26,13928,0,0.29,XAUUSD.vx,PERIOD_H1
2026.07.06 10:00:00,1783332000,4150.27,4166.21,4147.15,4164.38,12258,0,0.29,XAUUSD.vx,PERIOD_H1
2026.07.06 11:00:00,1783335600,4164.72,4165.96,4147.06,4150.38,11379,0,0.29,XAUUSD.vx,PERIOD_H1
2026.07.06 12:00:00,1783339200,4150.39,4151.15,4136.54,4143.16,10935,0,0.29,XAUUSD.vx,PERIOD_H1
2026.07.06 13:00:00,1783342800,4143.15,4155.74,4142.04,4154.81,8798,0,0.29,XAUUSD.vx,PERIOD_H1
2026.07.06 14:00:00,1783346400,4154.82,4159.48,4151.44,4155.17,9335,0,0.29,XAUUSD.vx,PERIOD_H1
2026.07.06 15:00:00,1783350000,4155.18,4158.38,4131.45,4139.55,14293,0,0.29,XAUUSD.vx,PERIOD_H1
2026.07.06 16:00:00,1783353600,4139.54,4150.40,4136.79,4140.69,20526,0,0.29,XAUUSD.vx,PERIOD_H1
2026.07.06 17:00:00,1783357200,4140.71,4147.12,4128.42,4138.07,19825,0,0.29,XAUUSD.vx,PERIOD_H1
2026.07.06 18:00:00,1783360800,4138.10,4151.90,4137.46,4148.26,14845,0,0.29,XAUUSD.vx,PERIOD_H1
2026.07.06 19:00:00,1783364400,4148.30,4156.17,4140.18,4154.93,11940,0,0.29,XAUUSD.vx,PERIOD_H1
2026.07.06 20:00:00,1783368000,4154.94,4161.52,4150.25,4161.28,12506,0,0.29,XAUUSD.vx,PERIOD_H1
2026.07.06 21:00:00,1783371600,4161.15,4167.44,4155.32,4163.81,10342,0,0.29,XAUUSD.vx,PERIOD_H1
2026.07.06 22:00:00,1783375200,4163.92,4165.37,4158.83,4163.73,10923,0,0.29,XAUUSD.vx,PERIOD_H1
2026.07.06 23:00:00,1783378800,4163.72,4164.82,4160.67,4164.39,3906,0,0.29,XAUUSD.vx,PERIOD_H1
2026.07.07 01:00:00,1783386000,4166.30,4168.37,4163.64,4164.20,4543,0,0.29,XAUUSD.vx,PERIOD_H1
2026.07.07 02:00:00,1783389600,4164.17,4165.63,4156.93,4157.39,5787,0,0.29,XAUUSD.vx,PERIOD_H1
2026.07.07 03:00:00,1783393200,4157.37,4162.64,4145.27,4145.98,15270,0,0.29,XAUUSD.vx,PERIOD_H1
2026.07.07 04:00:00,1783396800,4145.98,4147.95,4125.71,4141.81,19593,0,0.29,XAUUSD.vx,PERIOD_H1
2026.07.07 05:00:00,1783400400,4141.87,4145.19,4131.30,4136.63,13403,0,0.29,XAUUSD.vx,PERIOD_H1
2026.07.07 06:00:00,1783404000,4136.62,4139.96,4124.43,4131.03,12948,0,0.29,XAUUSD.vx,PERIOD_H1
2026.07.07 07:00:00,1783407600,4131.13,4141.27,4125.90,4126.64,9888,0,0.29,XAUUSD.vx,PERIOD_H1
2026.07.07 08:00:00,1783411200,4126.67,4131.25,4116.57,4123.82,16596,0,0.29,XAUUSD.vx,PERIOD_H1
2026.07.07 09:00:00,1783414800,4123.63,4132.85,4121.55,4130.34,14478,0,0.29,XAUUSD.vx,PERIOD_H1
2026.07.07 10:00:00,1783418400,4130.34,4133.49,4124.31,4124.70,12204,0,0.29,XAUUSD.vx,PERIOD_H1
2026.07.07 11:00:00,1783422000,4124.63,4139.23,4121.81,4125.93,13415,0,0.29,XAUUSD.vx,PERIOD_H1
2026.07.07 12:00:00,1783425600,4125.92,4133.74,4119.76,4131.08,11532,0,0.29,XAUUSD.vx,PERIOD_H1
2026.07.07 13:00:00,1783429200,4131.11,4138.81,4131.09,4135.59,10299,0,0.29,XAUUSD.vx,PERIOD_H1
2026.07.07 14:00:00,1783432800,4135.70,4158.07,4131.82,4156.75,12601,0,0.29,XAUUSD.vx,PERIOD_H1
2026.07.07 15:00:00,1783436400,4156.99,4174.94,4154.61,4172.23,17626,0,0.29,XAUUSD.vx,PERIOD_H1
2026.07.07 16:00:00,1783440000,4172.24,4180.34,4156.10,4158.60,23258,0,0.29,XAUUSD.vx,PERIOD_H1
2026.07.07 17:00:00,1783443600,4158.60,4163.58,4143.55,4154.18,24243,0,0.29,XAUUSD.vx,PERIOD_H1
2026.07.07 18:00:00,1783447200,4154.17,4155.48,4135.81,4138.94,18888,0,0.29,XAUUSD.vx,PERIOD_H1
2026.07.07 19:00:00,1783450800,4138.95,4147.15,4137.00,4145.01,14564,0,0.29,XAUUSD.vx,PERIOD_H1
2026.07.07 20:00:00,1783454400,4145.00,4148.10,4140.50,4144.49,12865,0,0.29,XAUUSD.vx,PERIOD_H1
2026.07.07 21:00:00,1783458000,4144.57,4145.13,4125.10,4126.93,15259,0,0.29,XAUUSD.vx,PERIOD_H1
2026.07.07 22:00:00,1783461600,4126.91,4127.72,4092.26,4114.17,21652,0,0.29,XAUUSD.vx,PERIOD_H1
2026.07.07 23:00:00,1783465200,4114.09,4115.79,4103.44,4105.04,6801,0,0.29,XAUUSD.vx,PERIOD_H1
2026.07.08 01:00:00,1783472400,4099.85,4106.22,4094.00,4098.37,8252,0,0.29,XAUUSD.vx,PERIOD_H1
2026.07.08 02:00:00,1783476000,4098.34,4107.78,4095.81,4098.55,10565,0,0.29,XAUUSD.vx,PERIOD_H1
2026.07.08 03:00:00,1783479600,4098.48,4126.67,4096.90,4111.41,19609,0,0.29,XAUUSD.vx,PERIOD_H1
2026.07.08 04:00:00,1783483200,4111.40,4117.77,4096.36,4111.12,22536,0,0.29,XAUUSD.vx,PERIOD_H1
2026.07.08 05:00:00,1783486800,4111.22,4124.82,4105.95,4114.54,17470,0,0.29,XAUUSD.vx,PERIOD_H1
2026.07.08 06:00:00,1783490400,4114.51,4131.06,4114.51,4123.39,15427,0,0.29,XAUUSD.vx,PERIOD_H1
2026.07.08 07:00:00,1783494000,4123.29,4128.81,4120.58,4125.05,12457,0,0.29,XAUUSD.vx,PERIOD_H1
2026.07.08 08:00:00,1783497600,4125.05,4133.93,4121.08,4127.75,17880,0,0.29,XAUUSD.vx,PERIOD_H1
2026.07.08 09:00:00,1783501200,4127.73,4133.55,4122.10,4123.65,16977,0,0.29,XAUUSD.vx,PERIOD_H1
2026.07.08 10:00:00,1783504800,4123.59,4127.17,4114.74,4121.02,14837,0,0.29,XAUUSD.vx,PERIOD_H1
2026.07.08 11:00:00,1783508400,4121.20,4121.26,4052.13,4056.46,25249,0,0.29,XAUUSD.vx,PERIOD_H1
2026.07.08 12:00:00,1783512000,4056.68,4060.97,4041.46,4043.23,22301,0,0.29,XAUUSD.vx,PERIOD_H1
2026.07.08 13:00:00,1783515600,4043.24,4058.26,4040.56,4052.94,17600,0,0.29,XAUUSD.vx,PERIOD_H1
2026.07.08 14:00:00,1783519200,4052.95,4072.51,4041.50,4062.13,18793,0,0.29,XAUUSD.vx,PERIOD_H1
2026.07.08 15:00:00,1783522800,4062.12,4086.30,4058.75,4072.11,21492,0,0.29,XAUUSD.vx,PERIOD_H1
2026.07.08 16:00:00,1783526400,4072.25,4082.86,4065.29,4070.79,26790,0,0.29,XAUUSD.vx,PERIOD_H1
2026.07.08 17:00:00,1783530000,4070.79,4071.39,4033.82,4040.87,27597,0,0.29,XAUUSD.vx,PERIOD_H1
2026.07.08 18:00:00,1783533600,4040.85,4043.77,4021.67,4034.19,24976,0,0.29,XAUUSD.vx,PERIOD_H1
2026.07.08 19:00:00,1783537200,4034.16,4064.35,4033.09,4063.60,21890,0,0.29,XAUUSD.vx,PERIOD_H1
2026.07.08 20:00:00,1783540800,4063.56,4076.33,4059.59,4065.59,18755,0,0.29,XAUUSD.vx,PERIOD_H1
2026.07.08 21:00:00,1783544400,4065.56,4091.46,4063.54,4084.32,20217,0,0.29,XAUUSD.vx,PERIOD_H1
2026.07.08 22:00:00,1783548000,4084.27,4091.17,4078.25,4080.00,16958,0,0.29,XAUUSD.vx,PERIOD_H1
2026.07.08 23:00:00,1783551600,4079.93,4083.37,4071.45,4079.36,8861,0,0.29,XAUUSD.vx,PERIOD_H1
2026.07.09 01:00:00,1783558800,4078.60,4079.93,4072.48,4076.53,7254,0,0.29,XAUUSD.vx,PERIOD_H1
2026.07.09 02:00:00,1783562400,4076.51,4077.72,4071.90,4076.16,6637,0,0.29,XAUUSD.vx,PERIOD_H1
2026.07.09 03:00:00,1783566000,4076.18,4089.74,4070.26,4073.95,15565,0,0.29,XAUUSD.vx,PERIOD_H1
2026.07.09 04:00:00,1783569600,4074.02,4078.73,4062.34,4072.74,18690,0,0.29,XAUUSD.vx,PERIOD_H1
2026.07.09 05:00:00,1783573200,4072.85,4082.52,4064.35,4064.93,14510,0,0.29,XAUUSD.vx,PERIOD_H1
2026.07.09 06:00:00,1783576800,4064.97,4067.48,4054.21,4064.08,13549,0,0.29,XAUUSD.vx,PERIOD_H1
2026.07.09 07:00:00,1783580400,4064.06,4064.51,4056.41,4064.32,9330,0,0.29,XAUUSD.vx,PERIOD_H1
2026.07.09 08:00:00,1783584000,4064.30,4084.21,4063.68,4081.93,15863,0,0.29,XAUUSD.vx,PERIOD_H1
2026.07.09 09:00:00,1783587600,4081.94,4108.01,4081.39,4107.89,17879,0,0.29,XAUUSD.vx,PERIOD_H1
2026.07.09 10:00:00,1783591200,4107.92,4111.08,4101.51,4107.86,13260,0,0.29,XAUUSD.vx,PERIOD_H1
2026.07.09 11:00:00,1783594800,4107.89,4117.72,4105.26,4108.23,13242,0,0.29,XAUUSD.vx,PERIOD_H1
2026.07.09 12:00:00,1783598400,4108.22,4112.24,4103.12,4106.33,11357,0,0.29,XAUUSD.vx,PERIOD_H1
2026.07.09 13:00:00,1783602000,4106.27,4110.04,4093.70,4099.04,10727,0,0.29,XAUUSD.vx,PERIOD_H1
2026.07.09 14:00:00,1783605600,4099.01,4110.54,4097.77,4108.63,12363,0,0.29,XAUUSD.vx,PERIOD_H1
2026.07.09 15:00:00,1783609200,4108.65,4122.52,4105.08,4107.61,16263,0,0.29,XAUUSD.vx,PERIOD_H1
2026.07.09 16:00:00,1783612800,4107.61,4129.47,4106.70,4121.93,21558,0,0.29,XAUUSD.vx,PERIOD_H1
2026.07.09 17:00:00,1783616400,4121.92,4136.23,4114.17,4127.74,22201,0,0.29,XAUUSD.vx,PERIOD_H1
2026.07.09 18:00:00,1783620000,4127.74,4132.54,4124.79,4126.94,15598,0,0.29,XAUUSD.vx,PERIOD_H1
2026.07.09 19:00:00,1783623600,4126.96,4137.98,4125.64,4127.98,13694,0,0.29,XAUUSD.vx,PERIOD_H1
2026.07.09 20:00:00,1783627200,4127.97,4137.97,4124.97,4136.10,13225,0,0.29,XAUUSD.vx,PERIOD_H1
2026.07.09 21:00:00,1783630800,4136.08,4136.28,4121.43,4124.45,10785,0,0.29,XAUUSD.vx,PERIOD_H1
2026.07.09 22:00:00,1783634400,4124.33,4126.93,4118.88,4122.38,10931,0,0.29,XAUUSD.vx,PERIOD_H1
2026.07.09 23:00:00,1783638000,4122.39,4125.50,4120.50,4123.77,3885,0,0.29,XAUUSD.vx,PERIOD_H1
2026.07.10 01:00:00,1783645200,4125.34,4127.39,4121.47,4121.69,4917,0,0.29,XAUUSD.vx,PERIOD_H1
2026.07.10 02:00:00,1783648800,4121.66,4125.07,4121.02,4123.44,4365,0,0.29,XAUUSD.vx,PERIOD_H1
2026.07.10 03:00:00,1783652400,4123.34,4128.20,4114.36,4126.44,12007,0,0.29,XAUUSD.vx,PERIOD_H1
2026.07.10 04:00:00,1783656000,4126.33,4130.94,4108.67,4116.81,17159,0,0.29,XAUUSD.vx,PERIOD_H1
2026.07.10 05:00:00,1783659600,4116.80,4129.01,4116.07,4127.74,12181,0,0.29,XAUUSD.vx,PERIOD_H1
2026.07.10 06:00:00,1783663200,4127.70,4134.72,4119.40,4120.24,10281,0,0.29,XAUUSD.vx,PERIOD_H1
2026.07.10 07:00:00,1783666800,4120.25,4121.03,4112.05,4115.12,7599,0,0.29,XAUUSD.vx,PERIOD_H1
2026.07.10 08:00:00,1783670400,4115.13,4117.09,4108.14,4116.77,11685,0,0.29,XAUUSD.vx,PERIOD_H1
2026.07.10 09:00:00,1783674000,4116.77,4119.96,4111.12,4111.64,12470,0,0.29,XAUUSD.vx,PERIOD_H1
2026.07.10 10:00:00,1783677600,4111.61,4115.29,4104.25,4108.88,9663,0,0.29,XAUUSD.vx,PERIOD_H1
2026.07.10 11:00:00,1783681200,4108.95,4109.47,4094.77,4097.86,10858,0,0.29,XAUUSD.vx,PERIOD_H1
2026.07.10 12:00:00,1783684800,4097.81,4105.44,4094.38,4104.32,8958,0,0.29,XAUUSD.vx,PERIOD_H1
2026.07.10 13:00:00,1783688400,4104.34,4112.63,4104.17,4104.53,7967,0,0.29,XAUUSD.vx,PERIOD_H1
2026.07.10 14:00:00,1783692000,4104.60,4108.07,4096.05,4102.25,9255,0,0.29,XAUUSD.vx,PERIOD_H1
2026.07.10 15:00:00,1783695600,4102.26,4117.38,4097.54,4100.66,14044,0,0.29,XAUUSD.vx,PERIOD_H1
2026.07.10 16:00:00,1783699200,4100.66,4106.60,4085.58,4099.88,18744,0,0.29,XAUUSD.vx,PERIOD_H1
2026.07.10 17:00:00,1783702800,4099.87,4108.93,4072.77,4092.75,21996,0,0.29,XAUUSD.vx,PERIOD_H1
2026.07.10 18:00:00,1783706400,4093.38,4113.38,4091.33,4112.97,18001,0,0.29,XAUUSD.vx,PERIOD_H1
2026.07.10 19:00:00,1783710000,4112.94,4115.36,4104.35,4104.45,13053,0,0.29,XAUUSD.vx,PERIOD_H1
2026.07.10 20:00:00,1783713600,4104.47,4106.78,4100.40,4100.64,11457,0,0.29,XAUUSD.vx,PERIOD_H1
2026.07.10 21:00:00,1783717200,4100.61,4105.39,4098.02,4101.15,9289,0,0.29,XAUUSD.vx,PERIOD_H1
2026.07.10 22:00:00,1783720800,4101.11,4108.92,4097.74,4108.37,8248,0,0.29,XAUUSD.vx,PERIOD_H1
2026.07.10 23:00:00,1783724400,4108.35,4119.01,4108.22,4118.33,4903,0,0.29,XAUUSD.vx,PERIOD_H1
2026.07.13 01:00:00,1783904400,4099.26,4103.45,4069.90,4076.63,12833,0,0.29,XAUUSD.vx,PERIOD_H1
2026.07.13 02:00:00,1783908000,4076.62,4084.74,4068.52,4084.35,12549,0,0.29,XAUUSD.vx,PERIOD_H1
2026.07.13 03:00:00,1783911600,4084.44,4090.99,4061.06,4073.96,18743,0,0.29,XAUUSD.vx,PERIOD_H1
2026.07.13 04:00:00,1783915200,4074.15,4089.69,4065.49,4072.29,23049,0,0.29,XAUUSD.vx,PERIOD_H1
2026.07.13 05:00:00,1783918800,4072.20,4077.37,4064.69,4068.60,18684,0,0.29,XAUUSD.vx,PERIOD_H1
2026.07.13 06:00:00,1783922400,4068.54,4069.30,4052.99,4060.46,14730,0,0.29,XAUUSD.vx,PERIOD_H1
2026.07.13 07:00:00,1783926000,4060.45,4060.46,4050.29,4058.80,11135,0,0.29,XAUUSD.vx,PERIOD_H1
2026.07.13 08:00:00,1783929600,4058.79,4072.96,4052.17,4053.78,17552,0,0.29,XAUUSD.vx,PERIOD_H1
2026.07.13 09:00:00,1783933200,4053.62,4063.51,4043.72,4055.62,17376,0,0.29,XAUUSD.vx,PERIOD_H1
2026.07.13 10:00:00,1783936800,4055.54,4065.09,4048.89,4064.49,14240,0,0.29,XAUUSD.vx,PERIOD_H1
2026.07.13 11:00:00,1783940400,4064.48,4080.62,4063.07,4074.52,15865,0,0.29,XAUUSD.vx,PERIOD_H1
2026.07.13 12:00:00,1783944000,4074.53,4076.62,4068.10,4068.20,11659,0,0.29,XAUUSD.vx,PERIOD_H1
2026.07.13 13:00:00,1783947600,4068.16,4070.52,4046.77,4060.55,12481,0,0.29,XAUUSD.vx,PERIOD_H1
2026.07.13 14:00:00,1783951200,4060.56,4068.33,4054.90,4056.41,14469,0,0.29,XAUUSD.vx,PERIOD_H1
2026.07.13 15:00:00,1783954800,4056.34,4067.38,4053.53,4067.32,15469,0,0.29,XAUUSD.vx,PERIOD_H1
2026.07.13 16:00:00,1783958400,4067.35,4067.56,4041.94,4043.10,23138,0,0.29,XAUUSD.vx,PERIOD_H1
2026.07.13 17:00:00,1783962000,4043.09,4046.81,4000.36,4015.27,26531,0,0.29,XAUUSD.vx,PERIOD_H1
2026.07.13 18:00:00,1783965600,4015.27,4020.22,4010.25,4016.03,19917,0,0.29,XAUUSD.vx,PERIOD_H1
2026.07.13 19:00:00,1783969200,4015.92,4017.88,3986.50,3993.21,21387,0,0.29,XAUUSD.vx,PERIOD_H1
2026.07.13 20:00:00,1783972800,3993.55,4001.81,3992.02,3993.11,18515,0,0.29,XAUUSD.vx,PERIOD_H1
2026.07.13 21:00:00,1783976400,3993.12,4005.03,3986.72,4001.45,17857,0,0.29,XAUUSD.vx,PERIOD_H1
2026.07.13 22:00:00,1783980000,4001.45,4004.45,3993.43,4001.90,16756,0,0.29,XAUUSD.vx,PERIOD_H1
2026.07.13 23:00:00,1783983600,4001.94,4006.08,3996.78,4000.80,7652,0,0.29,XAUUSD.vx,PERIOD_H1
2026.07.14 01:00:00,1783990800,4009.92,4014.33,4000.75,4000.87,6152,0,0.29,XAUUSD.vx,PERIOD_H1
2026.07.14 02:00:00,1783994400,4000.84,4003.03,3992.64,4001.03,9491,0,0.29,XAUUSD.vx,PERIOD_H1
2026.07.14 03:00:00,1783998000,4000.96,4007.15,3983.48,4004.16,22444,0,0.29,XAUUSD.vx,PERIOD_H1
2026.07.14 04:00:00,1784001600,4004.30,4012.09,3992.13,4010.31,21134,0,0.29,XAUUSD.vx,PERIOD_H1
2026.07.14 05:00:00,1784005200,4010.33,4018.99,4005.95,4012.25,16440,0,0.29,XAUUSD.vx,PERIOD_H1
2026.07.14 06:00:00,1784008800,4012.27,4019.04,4011.13,4016.59,13741,0,0.29,XAUUSD.vx,PERIOD_H1
2026.07.14 07:00:00,1784012400,4016.88,4023.36,4013.44,4020.18,10205,0,0.29,XAUUSD.vx,PERIOD_H1
2026.07.14 08:00:00,1784016000,4020.37,4034.02,4019.60,4031.32,13093,0,0.29,XAUUSD.vx,PERIOD_H1
2026.07.14 09:00:00,1784019600,4031.37,4033.09,4021.68,4023.89,13584,0,0.29,XAUUSD.vx,PERIOD_H1
2026.07.14 10:00:00,1784023200,4023.91,4029.77,4020.10,4020.65,14363,0,0.29,XAUUSD.vx,PERIOD_H1
2026.07.14 11:00:00,1784026800,4021.09,4023.75,4014.49,4015.84,13838,0,0.29,XAUUSD.vx,PERIOD_H1
2026.07.14 12:00:00,1784030400,4015.85,4024.32,4013.73,4021.70,13306,0,0.29,XAUUSD.vx,PERIOD_H1
2026.07.14 13:00:00,1784034000,4021.78,4022.81,4015.11,4021.65,11900,0,0.29,XAUUSD.vx,PERIOD_H1
2026.07.14 14:00:00,1784037600,4021.68,4031.79,4015.40,4031.18,13832,0,0.29,XAUUSD.vx,PERIOD_H1
2026.07.14 15:00:00,1784041200,4031.15,4102.85,4023.19,4076.28,23017,0,0.29,XAUUSD.vx,PERIOD_H1
2026.07.14 16:00:00,1784044800,4076.19,4088.49,4070.88,4076.59,26039,0,0.29,XAUUSD.vx,PERIOD_H1
2026.07.14 17:00:00,1784048400,4076.52,4090.21,4070.66,4085.12,25909,0,0.29,XAUUSD.vx,PERIOD_H1
2026.07.14 18:00:00,1784052000,4085.08,4100.45,4064.54,4066.11,23066,0,0.29,XAUUSD.vx,PERIOD_H1
2026.07.14 19:00:00,1784055600,4066.13,4066.84,4057.67,4061.47,17008,0,0.29,XAUUSD.vx,PERIOD_H1
2026.07.14 20:00:00,1784059200,4061.46,4064.99,4054.42,4062.77,14011,0,0.29,XAUUSD.vx,PERIOD_H1
2026.07.14 21:00:00,1784062800,4062.75,4063.04,4042.84,4054.14,13900,0,0.29,XAUUSD.vx,PERIOD_H1
2026.07.14 22:00:00,1784066400,4054.18,4057.29,4047.55,4055.63,13697,0,0.29,XAUUSD.vx,PERIOD_H1
2026.07.14 23:00:00,1784070000,4055.64,4056.32,4049.16,4052.22,5221,0,0.29,XAUUSD.vx,PERIOD_H1
2026.07.15 01:00:00,1784077200,4053.46,4053.67,4048.46,4048.90,6310,0,0.29,XAUUSD.vx,PERIOD_H1
2026.07.15 02:00:00,1784080800,4048.91,4056.03,4046.70,4052.94,7742,0,0.29,XAUUSD.vx,PERIOD_H1
2026.07.15 03:00:00,1784084400,4052.93,4060.55,4051.01,4058.93,13530,0,0.29,XAUUSD.vx,PERIOD_H1
2026.07.15 04:00:00,1784088000,4059.04,4062.00,4035.53,4037.26,19193,0,0.29,XAUUSD.vx,PERIOD_H1
2026.07.15 05:00:00,1784091600,4037.27,4042.14,4029.13,4035.18,14653,0,0.29,XAUUSD.vx,PERIOD_H1
2026.07.15 06:00:00,1784095200,4035.19,4040.30,4028.05,4031.15,11264,0,0.29,XAUUSD.vx,PERIOD_H1
2026.07.15 07:00:00,1784098800,4031.21,4035.04,4028.13,4033.12,7680,0,0.29,XAUUSD.vx,PERIOD_H1
2026.07.15 08:00:00,1784102400,4033.41,4036.47,4022.09,4034.75,13717,0,0.29,XAUUSD.vx,PERIOD_H1
2026.07.15 09:00:00,1784106000,4034.71,4035.42,4021.21,4031.99,14645,0,0.29,XAUUSD.vx,PERIOD_H1
2026.07.15 10:00:00,1784109600,4032.00,4034.22,4019.64,4024.40,13755,0,0.29,XAUUSD.vx,PERIOD_H1
2026.07.15 11:00:00,1784113200,4024.41,4033.15,4017.32,4031.10,13558,0,0.29,XAUUSD.vx,PERIOD_H1
2026.07.15 12:00:00,1784116800,4031.11,4034.23,4025.47,4030.26,11069,0,0.29,XAUUSD.vx,PERIOD_H1
2026.07.15 13:00:00,1784120400,4030.22,4035.93,4026.48,4028.07,11824,0,0.29,XAUUSD.vx,PERIOD_H1
2026.07.15 14:00:00,1784124000,4028.06,4040.13,4027.55,4038.26,12388,0,0.29,XAUUSD.vx,PERIOD_H1
2026.07.15 15:00:00,1784127600,4038.27,4071.41,4035.83,4067.70,17735,0,0.29,XAUUSD.vx,PERIOD_H1
2026.07.15 16:00:00,1784131200,4068.27,4074.05,4054.10,4061.36,21052,0,0.29,XAUUSD.vx,PERIOD_H1
2026.07.15 17:00:00,1784134800,4061.54,4065.93,4053.22,4060.31,22391,0,0.29,XAUUSD.vx,PERIOD_H1
2026.07.15 18:00:00,1784138400,4060.32,4062.89,4039.56,4046.98,20767,0,0.29,XAUUSD.vx,PERIOD_H1
2026.07.15 19:00:00,1784142000,4046.84,4047.78,4026.85,4033.70,20966,0,0.29,XAUUSD.vx,PERIOD_H1
2026.07.15 20:00:00,1784145600,4033.70,4065.99,4032.89,4062.18,17877,0,0.29,XAUUSD.vx,PERIOD_H1
2026.07.15 21:00:00,1784149200,4062.20,4081.17,4057.96,4059.10,17558,0,0.29,XAUUSD.vx,PERIOD_H1
2026.07.15 22:00:00,1784152800,4059.07,4062.86,4047.84,4056.94,15385,0,0.29,XAUUSD.vx,PERIOD_H1
2026.07.15 23:00:00,1784156400,4056.91,4063.05,4055.14,4060.97,5270,0,0.29,XAUUSD.vx,PERIOD_H1
2026.07.16 01:00:00,1784163600,4062.04,4066.73,4058.21,4059.57,6044,0,0.29,XAUUSD.vx,PERIOD_H1
2026.07.16 02:00:00,1784167200,4059.55,4061.98,4055.63,4057.77,7240,0,0.29,XAUUSD.vx,PERIOD_H1
2026.07.16 03:00:00,1784170800,4057.80,4061.14,4043.82,4044.52,14367,0,0.29,XAUUSD.vx,PERIOD_H1
2026.07.16 04:00:00,1784174400,4044.53,4050.47,4033.84,4038.98,20343,0,0.29,XAUUSD.vx,PERIOD_H1
2026.07.16 05:00:00,1784178000,4039.03,4040.00,4024.18,4031.41,15889,0,0.29,XAUUSD.vx,PERIOD_H1
2026.07.16 06:00:00,1784181600,4031.41,4036.82,4027.66,4036.22,12708,0,0.29,XAUUSD.vx,PERIOD_H1
2026.07.16 07:00:00,1784185200,4036.23,4037.89,4031.83,4033.11,7784,0,0.29,XAUUSD.vx,PERIOD_H1
2026.07.16 08:00:00,1784188800,4033.11,4033.88,4025.26,4027.27,14944,0,0.29,XAUUSD.vx,PERIOD_H1
2026.07.16 09:00:00,1784192400,4027.26,4036.43,4022.96,4030.60,16674,0,0.29,XAUUSD.vx,PERIOD_H1
2026.07.16 10:00:00,1784196000,4030.52,4031.79,4022.97,4030.66,14638,0,0.29,XAUUSD.vx,PERIOD_H1
2026.07.16 11:00:00,1784199600,4030.61,4036.53,4025.26,4035.20,13645,0,0.29,XAUUSD.vx,PERIOD_H1
2026.07.16 12:00:00,1784203200,4035.21,4037.58,4030.40,4031.68,10927,0,0.29,XAUUSD.vx,PERIOD_H1
2026.07.16 13:00:00,1784206800,4031.67,4034.73,4028.60,4029.54,10721,0,0.29,XAUUSD.vx,PERIOD_H1
2026.07.16 14:00:00,1784210400,4029.51,4042.36,4021.20,4038.37,14460,0,0.29,XAUUSD.vx,PERIOD_H1
2026.07.16 15:00:00,1784214000,4038.37,4043.32,3990.29,3992.26,22301,0,0.29,XAUUSD.vx,PERIOD_H1
2026.07.16 16:00:00,1784217600,3992.24,4008.34,3973.72,3990.18,26074,0,0.29,XAUUSD.vx,PERIOD_H1
2026.07.16 17:00:00,1784221200,3989.90,4006.64,3987.04,3997.82,24642,0,0.29,XAUUSD.vx,PERIOD_H1
2026.07.16 18:00:00,1784224800,3997.82,4016.81,3989.32,4006.94,21394,0,0.29,XAUUSD.vx,PERIOD_H1
2026.07.16 19:00:00,1784228400,4006.96,4007.58,3982.38,3991.97,20144,0,0.29,XAUUSD.vx,PERIOD_H1
2026.07.16 20:00:00,1784232000,3991.96,3992.87,3980.06,3984.51,18196,0,0.29,XAUUSD.vx,PERIOD_H1
2026.07.16 21:00:00,1784235600,3984.54,3990.32,3976.48,3980.28,16762,0,0.29,XAUUSD.vx,PERIOD_H1
2026.07.16 22:00:00,1784239200,3980.34,3985.99,3969.25,3979.79,16442,0,0.29,XAUUSD.vx,PERIOD_H1
2026.07.16 23:00:00,1784242800,3979.96,3980.08,3971.81,3975.70,5930,0,0.29,XAUUSD.vx,PERIOD_H1
2026.07.17 01:00:00,1784250000,3976.93,3980.24,3973.14,3978.27,6059,0,0.29,XAUUSD.vx,PERIOD_H1
2026.07.17 02:00:00,1784253600,3978.27,3986.39,3975.21,3985.89,8852,0,0.29,XAUUSD.vx,PERIOD_H1
2026.07.17 03:00:00,1784257200,3985.90,3991.90,3980.57,3991.77,16453,0,0.29,XAUUSD.vx,PERIOD_H1
2026.07.17 04:00:00,1784260800,3991.77,3996.06,3979.15,3983.16,20971,0,0.29,XAUUSD.vx,PERIOD_H1
2026.07.17 05:00:00,1784264400,3983.20,3987.25,3970.61,3979.19,17311,0,0.29,XAUUSD.vx,PERIOD_H1
2026.07.17 06:00:00,1784268000,3979.20,4008.62,3978.81,3991.38,16098,0,0.29,XAUUSD.vx,PERIOD_H1
2026.07.17 07:00:00,1784271600,3991.25,3991.61,3980.09,3981.71,12205,0,0.29,XAUUSD.vx,PERIOD_H1
2026.07.17 08:00:00,1784275200,3981.70,3991.40,3975.35,3985.00,16941,0,0.29,XAUUSD.vx,PERIOD_H1
2026.07.17 09:00:00,1784278800,3985.07,4007.10,3985.07,3999.29,18852,0,0.29,XAUUSD.vx,PERIOD_H1
2026.07.17 10:00:00,1784282400,3999.31,4002.49,3992.62,3992.65,15734,0,0.29,XAUUSD.vx,PERIOD_H1
2026.07.17 11:00:00,1784286000,3992.70,3999.77,3987.82,3994.13,17258,0,0.29,XAUUSD.vx,PERIOD_H1
2026.07.17 12:00:00,1784289600,3994.14,4002.38,3992.72,3997.99,14638,0,0.29,XAUUSD.vx,PERIOD_H1
2026.07.17 13:00:00,1784293200,3998.00,3999.07,3990.46,3990.80,12742,0,0.29,XAUUSD.vx,PERIOD_H1
2026.07.17 14:00:00,1784296800,3990.79,3998.73,3989.93,3994.03,13596,0,0.29,XAUUSD.vx,PERIOD_H1
2026.07.17 15:00:00,1784300400,3994.00,3995.48,3964.06,3966.07,17457,0,0.29,XAUUSD.vx,PERIOD_H1
2026.07.17 16:00:00,1784304000,3966.07,4003.57,3959.65,3997.04,26635,0,0.29,XAUUSD.vx,PERIOD_H1
2026.07.17 17:00:00,1784307600,3997.25,4004.40,3990.10,4001.15,25211,0,0.29,XAUUSD.vx,PERIOD_H1
2026.07.17 18:00:00,1784311200,4001.11,4021.11,3997.71,4019.01,22876,0,0.29,XAUUSD.vx,PERIOD_H1
2026.07.17 19:00:00,1784314800,4019.15,4023.66,4010.85,4014.87,19075,0,0.29,XAUUSD.vx,PERIOD_H1
2026.07.17 20:00:00,1784318400,4014.95,4019.14,4008.30,4009.98,15200,0,0.29,XAUUSD.vx,PERIOD_H1
2026.07.17 21:00:00,1784322000,4010.18,4014.86,4006.56,4011.23,14678,0,0.29,XAUUSD.vx,PERIOD_H1
2026.07.17 22:00:00,1784325600,4011.21,4016.47,4002.24,4015.36,15013,0,0.29,XAUUSD.vx,PERIOD_H1
2026.07.17 23:00:00,1784329200,4015.35,4017.80,4008.61,4016.09,6860,0,0.29,XAUUSD.vx,PERIOD_H1
2026.07.20 01:00:00,1784509200,4001.58,4007.57,3993.40,3994.72,10270,0,0.29,XAUUSD.vx,PERIOD_H1
2026.07.20 02:00:00,1784512800,3994.77,3996.12,3989.39,3995.42,9705,0,0.29,XAUUSD.vx,PERIOD_H1
2026.07.20 03:00:00,1784516400,3995.37,4010.14,3982.60,4008.46,17490,0,0.29,XAUUSD.vx,PERIOD_H1
2026.07.20 04:00:00,1784520000,4008.49,4020.63,3995.71,4002.07,21560,0,0.29,XAUUSD.vx,PERIOD_H1
2026.07.20 05:00:00,1784523600,4002.11,4028.66,4001.24,4021.82,18166,0,0.29,XAUUSD.vx,PERIOD_H1
2026.07.20 06:00:00,1784527200,4021.82,4027.85,4018.57,4024.03,14503,0,0.29,XAUUSD.vx,PERIOD_H1
2026.07.20 07:00:00,1784530800,4024.02,4026.70,4018.41,4018.82,9800,0,0.29,XAUUSD.vx,PERIOD_H1
2026.07.20 08:00:00,1784534400,4018.79,4021.07,4005.34,4008.67,14903,0,0.29,XAUUSD.vx,PERIOD_H1
2026.07.20 09:00:00,1784538000,4008.59,4011.67,4002.89,4003.78,15139,0,0.29,XAUUSD.vx,PERIOD_H1
2026.07.20 10:00:00,1784541600,4003.78,4021.75,4002.07,4017.13,14399,0,0.29,XAUUSD.vx,PERIOD_H1
2026.07.20 11:00:00,1784545200,4017.20,4030.66,4017.06,4018.91,13221,0,0.29,XAUUSD.vx,PERIOD_H1
2026.07.20 12:00:00,1784548800,4018.87,4023.22,4014.81,4021.18,11236,0,0.29,XAUUSD.vx,PERIOD_H1
2026.07.20 13:00:00,1784552400,4021.26,4025.53,4018.17,4024.14,9642,0,0.29,XAUUSD.vx,PERIOD_H1
2026.07.20 14:00:00,1784556000,4024.15,4040.60,4019.75,4025.23,16298,0,0.29,XAUUSD.vx,PERIOD_H1
2026.07.20 15:00:00,1784559600,4025.23,4025.23,4006.35,4008.12,17661,0,0.29,XAUUSD.vx,PERIOD_H1
2026.07.20 16:00:00,1784563200,4008.09,4017.26,4005.65,4005.69,19803,0,0.29,XAUUSD.vx,PERIOD_H1
2026.07.20 17:00:00,1784566800,4005.59,4013.47,3998.22,4006.09,20506,0,0.29,XAUUSD.vx,PERIOD_H1
2026.07.20 18:00:00,1784570400,4006.12,4019.47,4004.41,4011.75,18101,0,0.29,XAUUSD.vx,PERIOD_H1
2026.07.20 19:00:00,1784574000,4011.74,4018.31,4001.30,4009.71,14603,0,0.29,XAUUSD.vx,PERIOD_H1
2026.07.20 20:00:00,1784577600,4009.71,4012.94,4003.71,4005.18,11853,0,0.29,XAUUSD.vx,PERIOD_H1
2026.07.20 21:00:00,1784581200,4005.20,4011.74,4003.38,4007.26,12195,0,0.29,XAUUSD.vx,PERIOD_H1
2026.07.20 22:00:00,1784584800,4007.25,4017.85,4004.25,4006.83,13694,0,0.29,XAUUSD.vx,PERIOD_H1
2026.07.20 23:00:00,1784588400,4006.84,4009.36,4005.69,4008.19,4902,0,0.29,XAUUSD.vx,PERIOD_H1
2026.07.21 01:00:00,1784595600,4009.92,4010.69,3999.74,4000.41,8033,0,0.29,XAUUSD.vx,PERIOD_H1
2026.07.21 02:00:00,1784599200,4000.58,4010.51,4000.18,4009.83,8792,0,0.29,XAUUSD.vx,PERIOD_H1
2026.07.21 03:00:00,1784602800,4009.86,4027.05,4003.81,4024.93,16388,0,0.29,XAUUSD.vx,PERIOD_H1
2026.07.21 04:00:00,1784606400,4025.08,4035.77,4018.49,4023.11,18471,0,0.29,XAUUSD.vx,PERIOD_H1
2026.07.21 05:00:00,1784610000,4023.14,4044.99,4021.93,4037.93,15608,0,0.29,XAUUSD.vx,PERIOD_H1
2026.07.21 06:00:00,1784613600,4037.92,4051.29,4036.79,4046.90,12813,0,0.29,XAUUSD.vx,PERIOD_H1
2026.07.21 07:00:00,1784617200,4046.98,4051.70,4043.68,4049.54,8246,0,0.29,XAUUSD.vx,PERIOD_H1
2026.07.21 08:00:00,1784620800,4049.59,4067.89,4046.38,4061.47,13765,0,0.29,XAUUSD.vx,PERIOD_H1
2026.07.21 09:00:00,1784624400,4061.43,4084.09,4061.43,4078.48,15976,0,0.29,XAUUSD.vx,PERIOD_H1
2026.07.21 10:00:00,1784628000,4078.41,4080.13,4067.63,4071.29,11133,0,0.29,XAUUSD.vx,PERIOD_H1
2026.07.21 11:00:00,1784631600,4071.28,4072.51,4059.13,4062.79,11024,0,0.29,XAUUSD.vx,PERIOD_H1
2026.07.21 12:00:00,1784635200,4062.82,4069.60,4061.02,4065.93,10164,0,0.29,XAUUSD.vx,PERIOD_H1
2026.07.21 13:00:00,1784638800,4065.92,4070.09,4060.91,4062.90,11588,0,0.29,XAUUSD.vx,PERIOD_H1
2026.07.21 14:00:00,1784642400,4062.94,4063.61,4054.39,4055.96,10448,0,0.29,XAUUSD.vx,PERIOD_H1
2026.07.21 15:00:00,1784646000,4055.97,4065.64,4051.10,4054.00,15343,0,0.29,XAUUSD.vx,PERIOD_H1
2026.07.21 16:00:00,1784649600,4053.88,4061.64,4044.44,4053.10,21344,0,0.29,XAUUSD.vx,PERIOD_H1
2026.07.21 17:00:00,1784653200,4053.11,4073.66,4051.74,4068.41,20861,0,0.29,XAUUSD.vx,PERIOD_H1
2026.07.21 18:00:00,1784656800,4068.40,4083.28,4065.60,4074.10,16653,0,0.29,XAUUSD.vx,PERIOD_H1
2026.07.21 19:00:00,1784660400,4074.10,4079.07,4069.83,4071.50,10876,0,0.29,XAUUSD.vx,PERIOD_H1
2026.07.21 20:00:00,1784664000,4071.49,4072.74,4066.74,4068.60,9341,0,0.29,XAUUSD.vx,PERIOD_H1
2026.07.21 21:00:00,1784667600,4068.61,4086.87,4067.63,4082.21,10881,0,0.29,XAUUSD.vx,PERIOD_H1
2026.07.21 22:00:00,1784671200,4082.20,4085.50,4080.03,4084.46,10431,0,0.29,XAUUSD.vx,PERIOD_H1
2026.07.21 23:00:00,1784674800,4084.40,4086.27,4077.32,4077.65,4316,0,0.29,XAUUSD.vx,PERIOD_H1
2026.07.22 01:00:00,1784682000,4082.28,4084.98,4077.00,4080.41,6834,0,0.29,XAUUSD.vx,PERIOD_H1
2026.07.22 02:00:00,1784685600,4080.40,4083.05,4079.19,4080.71,5384,0,0.29,XAUUSD.vx,PERIOD_H1
2026.07.22 03:00:00,1784689200,4080.59,4102.26,4076.73,4097.41,17125,0,0.29,XAUUSD.vx,PERIOD_H1
2026.07.22 04:00:00,1784692800,4097.42,4123.47,4096.72,4122.16,21075,0,0.29,XAUUSD.vx,PERIOD_H1
2026.07.22 05:00:00,1784696400,4122.15,4130.86,4118.85,4130.51,16714,0,0.29,XAUUSD.vx,PERIOD_H1
2026.07.22 06:00:00,1784700000,4130.45,4141.57,4129.23,4130.80,13810,0,0.29,XAUUSD.vx,PERIOD_H1
2026.07.22 07:00:00,1784703600,4130.78,4131.19,4124.69,4126.94,9842,0,0.29,XAUUSD.vx,PERIOD_H1
2026.07.22 08:00:00,1784707200,4126.95,4133.97,4123.08,4131.04,14853,0,0.29,XAUUSD.vx,PERIOD_H1
2026.07.22 09:00:00,1784710800,4131.03,4135.22,4113.35,4116.42,16466,0,0.29,XAUUSD.vx,PERIOD_H1
2026.07.22 10:00:00,1784714400,4116.40,4122.94,4109.22,4110.56,14743,0,0.29,XAUUSD.vx,PERIOD_H1
2026.07.22 11:00:00,1784718000,4110.81,4120.10,4110.60,4118.21,14907,0,0.29,XAUUSD.vx,PERIOD_H1
2026.07.22 12:00:00,1784721600,4118.22,4122.28,4113.25,4114.99,13245,0,0.29,XAUUSD.vx,PERIOD_H1
2026.07.22 13:00:00,1784725200,4115.06,4121.76,4114.81,4117.50,11766,0,0.29,XAUUSD.vx,PERIOD_H1
2026.07.22 14:00:00,1784728800,4117.48,4122.93,4112.49,4122.53,12055,0,0.29,XAUUSD.vx,PERIOD_H1
2026.07.22 15:00:00,1784732400,4122.64,4134.34,4106.90,4112.88,16053,0,0.29,XAUUSD.vx,PERIOD_H1
2026.07.22 16:00:00,1784736000,4113.02,4155.88,4112.67,4154.62,21713,0,0.29,XAUUSD.vx,PERIOD_H1
2026.07.22 17:00:00,1784739600,4154.63,4163.30,4144.04,4148.46,22656,0,0.29,XAUUSD.vx,PERIOD_H1
2026.07.22 18:00:00,1784743200,4148.48,4165.94,4148.48,4159.28,17204,0,0.29,XAUUSD.vx,PERIOD_H1
2026.07.22 19:00:00,1784746800,4159.33,4159.40,4144.42,4146.77,14790,0,0.29,XAUUSD.vx,PERIOD_H1
2026.07.22 20:00:00,1784750400,4146.77,4147.77,4138.34,4142.34,13500,0,0.29,XAUUSD.vx,PERIOD_H1
2026.07.22 21:00:00,1784754000,4142.33,4142.71,4131.96,4136.00,13512,0,0.29,XAUUSD.vx,PERIOD_H1
2026.07.22 22:00:00,1784757600,4135.99,4137.15,4128.89,4131.75,11539,0,0.29,XAUUSD.vx,PERIOD_H1
2026.07.22 23:00:00,1784761200,4131.68,4137.77,4128.25,4129.28,8342,0,0.29,XAUUSD.vx,PERIOD_H1
2026.07.23 01:00:00,1784768400,4129.39,4138.30,4111.56,4121.64,11718,0,0.29,XAUUSD.vx,PERIOD_H1
2026.07.23 02:00:00,1784772000,4121.89,4134.12,4116.55,4133.34,10900,0,0.29,XAUUSD.vx,PERIOD_H1
2026.07.23 03:00:00,1784775600,4133.42,4134.66,4125.05,4132.11,12950,0,0.29,XAUUSD.vx,PERIOD_H1
2026.07.23 04:00:00,1784779200,4132.07,4140.95,4114.24,4117.80,20866,0,0.29,XAUUSD.vx,PERIOD_H1
2026.07.23 05:00:00,1784782800,4117.81,4128.64,4112.03,4127.95,16427,0,0.29,XAUUSD.vx,PERIOD_H1
2026.07.23 06:00:00,1784786400,4128.00,4133.04,4124.02,4124.68,12915,0,0.29,XAUUSD.vx,PERIOD_H1
2026.07.23 07:00:00,1784790000,4124.70,4130.31,4119.99,4121.13,10639,0,0.29,XAUUSD.vx,PERIOD_H1
2026.07.23 08:00:00,1784793600,4121.08,4130.47,4119.45,4124.01,14643,0,0.29,XAUUSD.vx,PERIOD_H1
2026.07.23 09:00:00,1784797200,4124.02,4128.21,4116.83,4118.48,15612,0,0.29,XAUUSD.vx,PERIOD_H1
2026.07.23 10:00:00,1784800800,4118.60,4119.34,4090.05,4095.34,17371,0,0.29,XAUUSD.vx,PERIOD_H1
2026.07.23 11:00:00,1784804400,4095.31,4097.67,4086.96,4093.38,14370,0,0.29,XAUUSD.vx,PERIOD_H1
2026.07.23 12:00:00,1784808000,4093.36,4099.33,4088.37,4089.85,12812,0,0.29,XAUUSD.vx,PERIOD_H1
2026.07.23 13:00:00,1784811600,4089.86,4095.24,4086.03,4093.12,12669,0,0.29,XAUUSD.vx,PERIOD_H1
2026.07.23 14:00:00,1784815200,4093.13,4093.79,4073.04,4085.59,15754,0,0.29,XAUUSD.vx,PERIOD_H1
2026.07.23 15:00:00,1784818800,4085.54,4085.85,4061.01,4061.80,19655,0,0.29,XAUUSD.vx,PERIOD_H1
2026.07.23 16:00:00,1784822400,4061.75,4067.32,4040.60,4043.15,26973,0,0.29,XAUUSD.vx,PERIOD_H1
2026.07.23 17:00:00,1784826000,4043.18,4061.70,4040.07,4057.86,25102,0,0.29,XAUUSD.vx,PERIOD_H1
2026.07.23 18:00:00,1784829600,4057.85,4059.36,4042.21,4048.63,22302,0,0.29,XAUUSD.vx,PERIOD_H1
2026.07.23 19:00:00,1784833200,4048.72,4051.65,4045.79,4051.36,14645,0,0.29,XAUUSD.vx,PERIOD_H1
2026.07.23 20:00:00,1784836800,4051.35,4054.51,4041.54,4041.69,16126,0,0.29,XAUUSD.vx,PERIOD_H1
2026.07.23 21:00:00,1784840400,4041.71,4048.33,4040.70,4045.98,14008,0,0.29,XAUUSD.vx,PERIOD_H1
2026.07.23 22:00:00,1784844000,4046.02,4051.04,4042.95,4049.71,12677,0,0.29,XAUUSD.vx,PERIOD_H1
2026.07.23 23:00:00,1784847600,4049.68,4051.16,4047.38,4048.18,5624,0,0.29,XAUUSD.vx,PERIOD_H1
2026.07.24 01:00:00,1784854800,4047.92,4050.37,4047.92,4049.51,3908,0,0.29,XAUUSD.vx,PERIOD_H1
2026.07.24 02:00:00,1784858400,4049.49,4050.57,4046.61,4047.00,6115,0,0.29,XAUUSD.vx,PERIOD_H1
2026.07.24 03:00:00,1784862000,4047.07,4050.59,4041.20,4049.78,13849,0,0.29,XAUUSD.vx,PERIOD_H1
2026.07.24 04:00:00,1784865600,4049.80,4050.30,4039.95,4043.54,16739,0,0.29,XAUUSD.vx,PERIOD_H1
2026.07.24 05:00:00,1784869200,4043.55,4048.21,4023.07,4024.53,14596,0,0.29,XAUUSD.vx,PERIOD_H1
2026.07.24 06:00:00,1784872800,4024.46,4033.60,4023.11,4029.29,12161,0,0.29,XAUUSD.vx,PERIOD_H1
2026.07.24 07:00:00,1784876400,4029.28,4030.29,4025.98,4027.26,7017,0,0.29,XAUUSD.vx,PERIOD_H1
2026.07.24 08:00:00,1784880000,4027.28,4032.15,4021.96,4022.99,13051,0,0.29,XAUUSD.vx,PERIOD_H1
2026.07.24 09:00:00,1784883600,4022.98,4038.96,4022.91,4035.67,14816,0,0.29,XAUUSD.vx,PERIOD_H1
2026.07.24 10:00:00,1784887200,4035.70,4053.56,4035.08,4048.30,13171,0,0.29,XAUUSD.vx,PERIOD_H1
2026.07.24 11:00:00,1784890800,4048.38,4058.62,4045.10,4057.47,11820,0,0.29,XAUUSD.vx,PERIOD_H1
2026.07.24 12:00:00,1784894400,4057.58,4060.75,4051.66,4059.72,9167,0,0.29,XAUUSD.vx,PERIOD_H1
2026.07.24 13:00:00,1784898000,4059.75,4063.81,4057.11,4060.00,8353,0,0.29,XAUUSD.vx,PERIOD_H1
2026.07.24 14:00:00,1784901600,4060.09,4063.33,4051.38,4057.67,8723,0,0.29,XAUUSD.vx,PERIOD_H1
2026.07.24 15:00:00,1784905200,4057.67,4060.09,4051.66,4056.05,12793,0,0.29,XAUUSD.vx,PERIOD_H1
2026.07.24 16:00:00,1784908800,4055.95,4068.57,4044.61,4067.51,19443,0,0.29,XAUUSD.vx,PERIOD_H1
2026.07.24 17:00:00,1784912400,4067.46,4069.94,4055.88,4063.24,22187,0,0.29,XAUUSD.vx,PERIOD_H1
2026.07.24 18:00:00,1784916000,4063.26,4081.96,4061.80,4077.25,20877,0,0.29,XAUUSD.vx,PERIOD_H1
2026.07.24 19:00:00,1784919600,4077.30,4078.07,4064.09,4066.98,13268,0,0.29,XAUUSD.vx,PERIOD_H1
2026.07.24 20:00:00,1784923200,4067.01,4069.79,4062.92,4063.32,11662,0,0.29,XAUUSD.vx,PERIOD_H1
2026.07.24 21:00:00,1784926800,4063.33,4064.42,4051.07,4054.31,11245,0,0.29,XAUUSD.vx,PERIOD_H1
2026.07.24 22:00:00,1784930400,4054.45,4057.86,4049.15,4053.63,11931,0,0.29,XAUUSD.vx,PERIOD_H1
2026.07.24 23:00:00,1784934000,4053.64,4056.06,4051.58,4053.78,5468,0,0.29,XAUUSD.vx,PERIOD_H1
2026.07.27 01:00:00,1785114000,4093.82,4097.42,4083.96,4089.58,7615,0,0.32,XAUUSD.vx,PERIOD_H1
2026.07.27 02:00:00,1785117600,4089.39,4096.19,4083.67,4094.10,7295,0,0.32,XAUUSD.vx,PERIOD_H1
2026.07.27 03:00:00,1785121200,4097.84,4115.91,4090.86,4100.78,8401,0,0.32,XAUUSD.vx,PERIOD_H1
2026.07.27 04:00:00,1785124800,4104.55,4112.44,4096.98,4109.80,9401,0,0.32,XAUUSD.vx,PERIOD_H1
2026.07.27 05:00:00,1785128400,4110.34,4110.34,4093.59,4093.59,8734,0,0.32,XAUUSD.vx,PERIOD_H1
2026.07.27 06:00:00,1785132000,4093.23,4095.81,4085.08,4090.88,7836,0,0.30,XAUUSD.vx,PERIOD_H1
2026.07.27 07:00:00,1785135600,4090.86,4092.74,4087.02,4090.18,6623,0,0.30,XAUUSD.vx,PERIOD_H1
2026.07.27 08:00:00,1785139200,4090.15,4094.69,4084.43,4092.88,8824,0,0.30,XAUUSD.vx,PERIOD_H1
2026.07.27 09:00:00,1785142800,4092.81,4099.23,4091.37,4096.24,6911,0,0.30,XAUUSD.vx,PERIOD_H1
2026.07.27 10:00:00,1785146400,4096.39,4105.71,4088.48,4088.49,4894,0,0.30,XAUUSD.vx,PERIOD_H1
2026.07.27 11:00:00,1785150000,4088.90,4096.83,4087.31,4095.17,13093,0,0.30,XAUUSD.vx,PERIOD_H1
2026.07.27 12:00:00,1785153600,4095.17,4100.31,4090.49,4096.10,13434,0,0.30,XAUUSD.vx,PERIOD_H1
2026.07.27 13:00:00,1785157200,4096.10,4102.34,4086.44,4099.46,8775,0,0.30,XAUUSD.vx,PERIOD_H1
2026.07.27 14:00:00,1785160800,4099.44,4103.99,4093.74,4093.86,9536,0,0.30,XAUUSD.vx,PERIOD_H1
2026.07.27 15:00:00,1785164400,4093.85,4097.62,4081.66,4083.66,12275,0,0.30,XAUUSD.vx,PERIOD_H1
2026.07.27 16:00:00,1785168000,4083.65,4089.43,4070.53,4074.19,16340,0,0.30,XAUUSD.vx,PERIOD_H1
2026.07.27 17:00:00,1785171600,4074.19,4078.94,4065.34,4076.12,16897,0,0.30,XAUUSD.vx,PERIOD_H1
2026.07.27 18:00:00,1785175200,4076.17,4079.81,4071.78,4078.40,15061,0,0.30,XAUUSD.vx,PERIOD_H1
2026.07.27 19:00:00,1785178800,4078.40,4093.87,4077.75,4082.32,13227,0,0.30,XAUUSD.vx,PERIOD_H1
2026.07.27 20:00:00,1785182400,4082.30,4082.32,4070.55,4076.33,11787,0,0.30,XAUUSD.vx,PERIOD_H1
2026.07.27 21:00:00,1785186000,4076.33,4079.35,4072.84,4077.82,11236,0,0.30,XAUUSD.vx,PERIOD_H1
2026.07.27 22:00:00,1785189600,4077.82,4089.19,4076.06,4083.28,10222,0,0.30,XAUUSD.vx,PERIOD_H1
2026.07.27 23:00:00,1785193200,4083.31,4083.98,4075.31,4076.62,4293,0,0.30,XAUUSD.vx,PERIOD_H1
2026.07.28 01:00:00,1785200400,4079.51,4082.57,4070.93,4074.15,4889,0,0.32,XAUUSD.vx,PERIOD_H1
2026.07.28 02:00:00,1785204000,4074.15,4075.04,4069.84,4073.24,5972,0,0.32,XAUUSD.vx,PERIOD_H1
2026.07.28 03:00:00,1785207600,4073.27,4074.10,4057.63,4057.90,14012,0,0.32,XAUUSD.vx,PERIOD_H1
2026.07.28 04:00:00,1785211200,4057.88,4060.17,4042.50,4045.10,15695,0,0.32,XAUUSD.vx,PERIOD_H1
2026.07.28 05:00:00,1785214800,4045.10,4048.98,4040.69,4041.99,12691,0,0.32,XAUUSD.vx,PERIOD_H1
2026.07.28 06:00:00,1785218400,4041.99,4051.09,4040.24,4049.34,10838,0,0.30,XAUUSD.vx,PERIOD_H1
2026.07.28 07:00:00,1785222000,4049.34,4049.56,4041.57,4042.13,9440,0,0.30,XAUUSD.vx,PERIOD_H1
2026.07.28 08:00:00,1785225600,4042.13,4046.41,4034.77,4045.14,12413,0,0.30,XAUUSD.vx,PERIOD_H1
2026.07.28 09:00:00,1785229200,4045.14,4052.27,4042.87,4048.31,11560,0,0.30,XAUUSD.vx,PERIOD_H1
2026.07.28 10:00:00,1785232800,4048.28,4052.31,4046.11,4047.21,9929,0,0.30,XAUUSD.vx,PERIOD_H1
2026.07.28 11:00:00,1785236400,4047.21,4055.10,4041.59,4045.47,12570,0,0.30,XAUUSD.vx,PERIOD_H1
2026.07.28 12:00:00,1785240000,4045.47,4045.90,4019.47,4023.45,10474,0,0.30,XAUUSD.vx,PERIOD_H1
2026.07.28 13:00:00,1785243600,4023.43,4028.47,4017.00,4026.51,11340,0,0.30,XAUUSD.vx,PERIOD_H1
2026.07.28 14:00:00,1785247200,4026.46,4032.23,4023.07,4028.04,12212,0,0.30,XAUUSD.vx,PERIOD_H1
2026.07.28 15:00:00,1785250800,4028.03,4038.05,4022.84,4029.44,13162,0,0.30,XAUUSD.vx,PERIOD_H1
2026.07.28 16:00:00,1785254400,4029.44,4035.98,4020.22,4022.09,16028,0,0.30,XAUUSD.vx,PERIOD_H1
2026.07.28 17:00:00,1785258000,4022.10,4033.37,4011.53,4024.41,16990,0,0.30,XAUUSD.vx,PERIOD_H1
2026.07.28 18:00:00,1785261600,4024.40,4047.00,4022.17,4046.12,16063,0,0.30,XAUUSD.vx,PERIOD_H1
2026.07.28 19:00:00,1785265200,4046.11,4046.44,4036.59,4037.45,12100,0,0.30,XAUUSD.vx,PERIOD_H1
2026.07.28 20:00:00,1785268800,4037.45,4041.40,4025.77,4027.79,12225,0,0.30,XAUUSD.vx,PERIOD_H1
2026.07.28 21:00:00,1785272400,4027.79,4030.35,4021.66,4022.94,12441,0,0.30,XAUUSD.vx,PERIOD_H1
2026.07.28 22:00:00,1785276000,4022.94,4027.89,4021.89,4026.34,9841,0,0.30,XAUUSD.vx,PERIOD_H1
2026.07.28 23:00:00,1785279600,4026.30,4030.48,4022.53,4028.34,5343,0,0.30,XAUUSD.vx,PERIOD_H1
2026.07.29 01:00:00,1785286800,4027.02,4030.40,4014.00,4018.26,6741,0,0.32,XAUUSD.vx,PERIOD_H1
2026.07.29 02:00:00,1785290400,4018.26,4026.22,4015.01,4024.83,8755,0,0.32,XAUUSD.vx,PERIOD_H1
2026.07.29 03:00:00,1785294000,4024.83,4029.68,4017.56,4021.78,13737,0,0.32,XAUUSD.vx,PERIOD_H1
2026.07.29 04:00:00,1785297600,4021.77,4030.45,4010.30,4025.86,16937,0,0.32,XAUUSD.vx,PERIOD_H1
2026.07.29 05:00:00,1785301200,4025.85,4037.80,4022.97,4029.38,14562,0,0.32,XAUUSD.vx,PERIOD_H1
2026.07.29 06:00:00,1785304800,4029.37,4032.66,4023.12,4023.55,10417,0,0.30,XAUUSD.vx,PERIOD_H1
2026.07.29 07:00:00,1785308400,4023.55,4027.63,4020.58,4027.22,10671,0,0.30,XAUUSD.vx,PERIOD_H1
2026.07.29 08:00:00,1785312000,4027.22,4040.04,4026.59,4032.98,12629,0,0.30,XAUUSD.vx,PERIOD_H1
2026.07.29 09:00:00,1785315600,4032.98,4044.68,4032.91,4041.14,10842,0,0.30,XAUUSD.vx,PERIOD_H1
2026.07.29 10:00:00,1785319200,4041.14,4047.68,4041.06,4043.76,9000,0,0.30,XAUUSD.vx,PERIOD_H1
2026.07.29 11:00:00,1785322800,4043.76,4044.40,4035.61,4037.52,8595,0,0.30,XAUUSD.vx,PERIOD_H1
2026.07.29 12:00:00,1785326400,4037.52,4038.27,4031.23,4032.52,8187,0,0.30,XAUUSD.vx,PERIOD_H1
2026.07.29 13:00:00,1785330000,4032.64,4034.32,4025.93,4027.50,7587,0,0.30,XAUUSD.vx,PERIOD_H1
2026.07.29 14:00:00,1785333600,4027.41,4036.07,4024.90,4032.66,7626,0,0.30,XAUUSD.vx,PERIOD_H1
2026.07.29 15:00:00,1785337200,4032.66,4033.27,4009.22,4022.56,12041,0,0.30,XAUUSD.vx,PERIOD_H1
2026.07.29 16:00:00,1785340800,4022.57,4026.33,4002.49,4007.16,15830,0,0.30,XAUUSD.vx,PERIOD_H1
2026.07.29 17:00:00,1785344400,4007.17,4010.03,3995.93,4004.84,17165,0,0.30,XAUUSD.vx,PERIOD_H1
2026.07.29 18:00:00,1785348000,4004.74,4013.72,4003.16,4009.75,13851,0,0.30,XAUUSD.vx,PERIOD_H1
2026.07.29 19:00:00,1785351600,4009.73,4032.76,4007.50,4027.17,12141,0,0.30,XAUUSD.vx,PERIOD_H1
2026.07.29 20:00:00,1785355200,4027.28,4050.48,4027.23,4044.11,15587,0,0.30,XAUUSD.vx,PERIOD_H1
2026.07.29 21:00:00,1785358800,4044.11,4109.74,4042.87,4106.99,20391,0,0.30,XAUUSD.vx,PERIOD_H1
2026.07.29 22:00:00,1785362400,4106.75,4116.34,4044.30,4044.81,20844,0,0.30,XAUUSD.vx,PERIOD_H1
2026.07.29 23:00:00,1785366000,4044.68,4070.00,4042.85,4065.48,15495,0,0.29,XAUUSD.vx,PERIOD_H1
2026.07.30 01:00:00,1785373200,4068.32,4090.54,4063.39,4088.49,9953,0,0.32,XAUUSD.vx,PERIOD_H1
2026.07.30 02:00:00,1785376800,4088.48,4100.26,4084.36,4084.43,11946,0,0.32,XAUUSD.vx,PERIOD_H1
2026.07.30 03:00:00,1785380400,4084.49,4086.59,4064.88,4072.14,16825,0,0.32,XAUUSD.vx,PERIOD_H1
2026.07.30 04:00:00,1785384000,4072.15,4092.84,4070.49,4084.59,17936,0,0.32,XAUUSD.vx,PERIOD_H1
2026.07.30 05:00:00,1785387600,4084.58,4090.30,4063.37,4063.56,14846,0,0.32,XAUUSD.vx,PERIOD_H1
2026.07.30 06:00:00,1785391200,4063.56,4070.02,4050.73,4058.80,14085,0,0.30,XAUUSD.vx,PERIOD_H1
2026.07.30 07:00:00,1785394800,4058.80,4060.08,4044.35,4045.98,10760,0,0.30,XAUUSD.vx,PERIOD_H1
2026.07.30 08:00:00,1785398400,4045.99,4051.20,4028.37,4033.62,15109,0,0.30,XAUUSD.vx,PERIOD_H1
2026.07.30 09:00:00,1785402000,4033.62,4040.43,4029.35,4036.66,14246,0,0.30,XAUUSD.vx,PERIOD_H1
2026.07.30 10:00:00,1785405600,4036.66,4051.26,4035.46,4038.86,13588,0,0.30,XAUUSD.vx,PERIOD_H1
2026.07.30 11:00:00,1785409200,4038.87,4072.77,4036.62,4061.33,14304,0,0.30,XAUUSD.vx,PERIOD_H1
2026.07.30 12:00:00,1785412800,4061.33,4073.01,4060.27,4063.29,12503,0,0.30,XAUUSD.vx,PERIOD_H1
2026.07.30 13:00:00,1785416400,4063.29,4083.02,4062.93,4078.22,13162,0,0.30,XAUUSD.vx,PERIOD_H1
2026.07.30 14:00:00,1785420000,4078.20,4082.69,4075.60,4077.70,11564,0,0.30,XAUUSD.vx,PERIOD_H1
2026.07.30 15:00:00,1785423600,4077.72,4086.57,4067.17,4068.92,15320,0,0.30,XAUUSD.vx,PERIOD_H1
2026.07.30 16:00:00,1785427200,4068.94,4112.67,4065.02,4112.17,18382,0,0.30,XAUUSD.vx,PERIOD_H1
2026.07.30 17:00:00,1785430800,4112.14,4120.13,4087.10,4099.96,18942,0,0.30,XAUUSD.vx,PERIOD_H1
2026.07.30 18:00:00,1785434400,4099.96,4110.14,4083.09,4108.02,17273,0,0.30,XAUUSD.vx,PERIOD_H1
2026.07.30 19:00:00,1785438000,4108.08,4119.14,4106.57,4110.67,12682,0,0.30,XAUUSD.vx,PERIOD_H1
2026.07.30 20:00:00,1785441600,4110.67,4111.18,4098.45,4102.56,13086,0,0.30,XAUUSD.vx,PERIOD_H1
2026.07.30 21:00:00,1785445200,4102.56,4107.68,4098.71,4099.71,10751,0,0.30,XAUUSD.vx,PERIOD_H1
2026.07.30 22:00:00,1785448800,4099.71,4115.28,4098.77,4111.95,11067,0,0.29,XAUUSD.vx,PERIOD_H1
2026.07.30 23:00:00,1785452400,4111.98,4117.34,4099.11,4101.45,9967,0,0.29,XAUUSD.vx,PERIOD_H1
2026.07.31 01:00:00,1785459600,4107.46,4111.20,4101.58,4109.12,6937,0,0.29,XAUUSD.vx,PERIOD_H1
2026.07.31 02:00:00,1785463200,4109.10,4111.66,4102.20,4105.81,7652,0,0.29,XAUUSD.vx,PERIOD_H1
2026.07.31 03:00:00,1785466800,4105.82,4107.05,4090.44,4094.65,13624,0,0.29,XAUUSD.vx,PERIOD_H1
2026.07.31 04:00:00,1785470400,4094.75,4101.52,4081.97,4084.25,16776,0,0.29,XAUUSD.vx,PERIOD_H1
2026.07.31 05:00:00,1785474000,4084.27,4090.32,4074.14,4076.09,12417,0,0.29,XAUUSD.vx,PERIOD_H1
2026.07.31 06:00:00,1785477600,4075.85,4079.40,4071.96,4074.98,11086,0,0.29,XAUUSD.vx,PERIOD_H1
2026.07.31 07:00:00,1785481200,4074.97,4081.34,4073.36,4079.98,7277,0,0.29,XAUUSD.vx,PERIOD_H1
2026.07.31 08:00:00,1785484800,4080.01,4083.18,4073.31,4074.31,9251,0,0.29,XAUUSD.vx,PERIOD_H1
2026.07.31 09:00:00,1785488400,4074.29,4087.40,4072.71,4077.56,13676,0,0.29,XAUUSD.vx,PERIOD_H1
2026.07.31 10:00:00,1785492000,4077.56,4079.12,4067.57,4067.64,11716,0,0.29,XAUUSD.vx,PERIOD_H1
2026.07.31 11:00:00,1785495600,4067.55,4067.63,4054.29,4060.87,13461,0,0.29,XAUUSD.vx,PERIOD_H1
2026.07.31 12:00:00,1785499200,4060.73,4063.88,4050.23,4055.02,10707,0,0.29,XAUUSD.vx,PERIOD_H1
2026.07.31 13:00:00,1785502800,4055.02,4058.25,4051.97,4054.40,7493,0,0.30,XAUUSD.vx,PERIOD_H1
2026.07.31 14:00:00,1785506400,4054.40,4061.00,4050.69,4053.61,9392,0,0.30,XAUUSD.vx,PERIOD_H1
2026.07.31 15:00:00,1785510000,4053.61,4059.26,4040.49,4040.74,11574,0,0.30,XAUUSD.vx,PERIOD_H1
2026.07.31 16:00:00,1785513600,4040.68,4046.84,4022.04,4025.27,17208,0,0.30,XAUUSD.vx,PERIOD_H1
2026.07.31 17:00:00,1785517200,4025.26,4050.11,4021.05,4049.07,17341,0,0.30,XAUUSD.vx,PERIOD_H1
2026.07.31 18:00:00,1785520800,4049.07,4052.48,4036.59,4045.47,15602,0,0.30,XAUUSD.vx,PERIOD_H1
2026.07.31 19:00:00,1785524400,4045.46,4049.72,4041.12,4043.37,11600,0,0.30,XAUUSD.vx,PERIOD_H1
2026.07.31 20:00:00,1785528000,4043.35,4054.63,4041.50,4053.69,11625,0,0.30,XAUUSD.vx,PERIOD_H1
2026.07.31 21:00:00,1785531600,4053.67,4055.10,4047.06,4050.69,9171,0,0.30,XAUUSD.vx,PERIOD_H1
2026.07.31 22:00:00,1785535200,4050.69,4055.49,4046.89,4051.02,8619,0,0.30,XAUUSD.vx,PERIOD_H1
2026.07.31 23:00:00,1785538800,4051.03,4053.02,4045.16,4047.56,7907,0,0.30,XAUUSD.vx,PERIOD_H1
2026.08.03 01:00:00,1785718800,4069.69,4083.82,4063.38,4063.63,10385,0,0.32,XAUUSD.vx,PERIOD_H1
2026.08.03 02:00:00,1785722400,4063.64,4074.86,4063.16,4074.86,8651,0,0.32,XAUUSD.vx,PERIOD_H1
2026.08.03 03:00:00,1785726000,4074.86,4078.92,4055.64,4057.04,15055,0,0.32,XAUUSD.vx,PERIOD_H1
2026.08.03 04:00:00,1785729600,4057.05,4063.12,4047.33,4056.54,15556,0,0.32,XAUUSD.vx,PERIOD_H1
2026.08.03 05:00:00,1785733200,4056.54,4066.72,4052.06,4062.36,12055,0,0.32,XAUUSD.vx,PERIOD_H1
2026.08.03 06:00:00,1785736800,4062.36,4067.86,4059.20,4064.98,9601,0,0.30,XAUUSD.vx,PERIOD_H1
2026.08.03 07:00:00,1785740400,4064.98,4071.78,4063.77,4063.82,7685,0,0.30,XAUUSD.vx,PERIOD_H1
2026.08.03 08:00:00,1785744000,4063.83,4069.80,4054.10,4068.83,10114,0,0.30,XAUUSD.vx,PERIOD_H1
2026.08.03 09:00:00,1785747600,4068.80,4071.85,4060.38,4063.75,10964,0,0.30,XAUUSD.vx,PERIOD_H1
2026.08.03 10:00:00,1785751200,4063.85,4065.17,4052.37,4060.92,10275,0,0.30,XAUUSD.vx,PERIOD_H1
2026.08.03 11:00:00,1785754800,4060.92,4062.36,4054.22,4059.33,9048,0,0.30,XAUUSD.vx,PERIOD_H1
2026.08.03 12:00:00,1785758400,4059.33,4062.10,4046.57,4055.21,8875,0,0.30,XAUUSD.vx,PERIOD_H1
2026.08.03 13:00:00,1785762000,4055.21,4057.12,4046.03,4049.27,7980,0,0.30,XAUUSD.vx,PERIOD_H1
2026.08.03 14:00:00,1785765600,4049.29,4063.05,4045.42,4062.46,9423,0,0.30,XAUUSD.vx,PERIOD_H1
2026.08.03 15:00:00,1785769200,4062.39,4064.48,4042.13,4047.60,11127,0,0.30,XAUUSD.vx,PERIOD_H1
2026.08.03 16:00:00,1785772800,4047.58,4053.47,4019.11,4032.37,16521,0,0.30,XAUUSD.vx,PERIOD_H1
2026.08.03 17:00:00,1785776400,4032.41,4039.19,4026.63,4036.19,13872,0,0.30,XAUUSD.vx,PERIOD_H1
2026.08.03 18:00:00,1785780000,4036.19,4040.87,4030.39,4036.18,12225,0,0.30,XAUUSD.vx,PERIOD_H1
2026.08.03 19:00:00,1785783600,4036.18,4039.15,4034.62,4036.84,8906,0,0.30,XAUUSD.vx,PERIOD_H1
2026.08.03 20:00:00,1785787200,4036.84,4037.71,4030.17,4030.44,8029,0,0.30,XAUUSD.vx,PERIOD_H1
2026.08.03 21:00:00,1785790800,4030.44,4044.96,4029.59,4043.37,8045,0,0.30,XAUUSD.vx,PERIOD_H1
2026.08.03 22:00:00,1785794400,4043.37,4055.69,4043.37,4051.95,8940,0,0.30,XAUUSD.vx,PERIOD_H1
2026.08.03 23:00:00,1785798000,4051.91,4058.08,4050.14,4054.69,4136,0,0.30,XAUUSD.vx,PERIOD_H1
2026.08.04 01:00:00,1785805200,4051.47,4054.73,4049.06,4052.81,4223,0,0.32,XAUUSD.vx,PERIOD_H1
2026.08.04 02:00:00,1785808800,4052.81,4054.96,4050.00,4053.84,5066,0,0.32,XAUUSD.vx,PERIOD_H1
2026.08.04 03:00:00,1785812400,4053.84,4069.18,4048.63,4049.20,10106,0,0.32,XAUUSD.vx,PERIOD_H1
2026.08.04 04:00:00,1785816000,4049.15,4061.84,4042.60,4058.65,12940,0,0.32,XAUUSD.vx,PERIOD_H1
2026.08.04 05:00:00,1785819600,4058.65,4064.91,4055.64,4058.85,10713,0,0.32,XAUUSD.vx,PERIOD_H1
2026.08.04 06:00:00,1785823200,4058.85,4061.63,4052.08,4052.44,7658,0,0.30,XAUUSD.vx,PERIOD_H1
2026.08.04 07:00:00,1785826800,4052.45,4066.14,4051.09,4063.75,6363,0,0.30,XAUUSD.vx,PERIOD_H1
2026.08.04 08:00:00,1785830400,4063.74,4067.66,4057.21,4061.82,8520,0,0.30,XAUUSD.vx,PERIOD_H1
2026.08.04 09:00:00,1785834000,4061.82,4066.14,4055.72,4063.28,9117,0,0.30,XAUUSD.vx,PERIOD_H1
2026.08.04 10:00:00,1785837600,4063.34,4066.66,4060.77,4065.47,8318,0,0.30,XAUUSD.vx,PERIOD_H1
2026.08.04 11:00:00,1785841200,4065.47,4072.75,4054.50,4054.99,9512,0,0.30,XAUUSD.vx,PERIOD_H1
2026.08.04 12:00:00,1785844800,4054.99,4055.30,4046.05,4049.70,8070,0,0.30,XAUUSD.vx,PERIOD_H1
2026.08.04 13:00:00,1785848400,4049.70,4060.56,4045.52,4053.83,8711,0,0.30,XAUUSD.vx,PERIOD_H1
2026.08.04 14:00:00,1785852000,4053.84,4084.11,4052.23,4074.98,12269,0,0.30,XAUUSD.vx,PERIOD_H1
2026.08.04 15:00:00,1785855600,4074.99,4084.27,4061.02,4070.82,13641,0,0.30,XAUUSD.vx,PERIOD_H1
2026.08.04 16:00:00,1785859200,4070.82,4093.85,4061.27,4084.30,16924,0,0.30,XAUUSD.vx,PERIOD_H1
2026.08.04 17:00:00,1785862800,4084.36,4091.75,4074.29,4083.43,15823,0,0.30,XAUUSD.vx,PERIOD_H1
2026.08.04 18:00:00,1785866400,4083.44,4088.73,4074.73,4087.16,13245,0,0.30,XAUUSD.vx,PERIOD_H1
2026.08.04 19:00:00,1785870000,4087.19,4093.49,4083.02,4093.27,10278,0,0.30,XAUUSD.vx,PERIOD_H1
2026.08.04 20:00:00,1785873600,4093.27,4106.25,4086.03,4086.04,11295,0,0.30,XAUUSD.vx,PERIOD_H1
2026.08.04 21:00:00,1785877200,4086.04,4088.90,4075.23,4079.79,9907,0,0.30,XAUUSD.vx,PERIOD_H1
2026.08.04 22:00:00,1785880800,4079.79,4084.73,4076.24,4078.55,9129,0,0.30,XAUUSD.vx,PERIOD_H1
2026.08.04 23:00:00,1785884400,4078.48,4080.22,4074.62,4076.76,6190,0,0.30,XAUUSD.vx,PERIOD_H1
2026.08.05 01:00:00,1785891600,4077.55,4085.76,4075.66,4075.66,5441,0,0.32,XAUUSD.vx,PERIOD_H1
2026.08.05 02:00:00,1785895200,4075.69,4077.05,4065.39,4072.38,7087,0,0.32,XAUUSD.vx,PERIOD_H1
2026.08.05 03:00:00,1785898800,4072.39,4083.39,4070.34,4082.40,10900,0,0.32,XAUUSD.vx,PERIOD_H1
2026.08.05 04:00:00,1785902400,4082.41,4102.53,4077.52,4101.39,14529,0,0.32,XAUUSD.vx,PERIOD_H1
2026.08.05 05:00:00,1785906000,4101.33,4135.26,4095.47,4129.13,16115,0,0.32,XAUUSD.vx,PERIOD_H1
2026.08.05 06:00:00,1785909600,4129.11,4136.45,4126.91,4128.20,10062,0,0.30,XAUUSD.vx,PERIOD_H1
2026.08.05 07:00:00,1785913200,4128.12,4141.34,4128.12,4135.48,7416,0,0.30,XAUUSD.vx,PERIOD_H1
2026.08.05 08:00:00,1785916800,4135.42,4172.87,4134.66,4161.48,13005,0,0.30,XAUUSD.vx,PERIOD_H1
2026.08.05 09:00:00,1785920400,4161.62,4178.38,4160.16,4177.40,14129,0,0.30,XAUUSD.vx,PERIOD_H1
2026.08.05 10:00:00,1785924000,4177.42,4179.41,4162.22,4170.75,12494,0,0.30,XAUUSD.vx,PERIOD_H1
2026.08.05 11:00:00,1785927600,4170.73,4172.59,4159.00,4160.49,12035,0,0.30,XAUUSD.vx,PERIOD_H1
2026.08.05 12:00:00,1785931200,4160.51,4167.08,4153.06,4157.93,10308,0,0.30,XAUUSD.vx,PERIOD_H1
2026.08.05 13:00:00,1785934800,4157.92,4161.43,4150.12,4161.37,7863,0,0.30,XAUUSD.vx,PERIOD_H1
2026.08.05 14:00:00,1785938400,4161.23,4192.54,4160.73,4188.77,13951,0,0.30,XAUUSD.vx,PERIOD_H1
2026.08.05 15:00:00,1785942000,4188.81,4213.33,4183.16,4183.95,17417,0,0.30,XAUUSD.vx,PERIOD_H1
2026.08.05 16:00:00,1785945600,4183.86,4206.74,4183.85,4205.98,21254,0,0.30,XAUUSD.vx,PERIOD_H1
2026.08.05 17:00:00,1785949200,4205.97,4247.54,4203.57,4244.10,25500,0,0.30,XAUUSD.vx,PERIOD_H1
2026.08.05 18:00:00,1785952800,4244.11,4265.07,4232.24,4232.64,21809,0,0.30,XAUUSD.vx,PERIOD_H1
2026.08.05 19:00:00,1785956400,4232.77,4247.34,4224.73,4242.22,17720,0,0.30,XAUUSD.vx,PERIOD_H1
2026.08.05 20:00:00,1785960000,4242.33,4252.39,4236.82,4250.21,14517,0,0.30,XAUUSD.vx,PERIOD_H1
2026.08.05 21:00:00,1785963600,4249.99,4267.64,4249.18,4260.82,13273,0,0.30,XAUUSD.vx,PERIOD_H1
2026.08.05 22:00:00,1785967200,4260.77,4262.04,4246.30,4246.98,12835,0,0.30,XAUUSD.vx,PERIOD_H1
2026.08.05 23:00:00,1785970800,4246.97,4249.57,4243.75,4244.19,4692,0,0.30,XAUUSD.vx,PERIOD_H1
2026.08.06 01:00:00,1785978000,4247.36,4254.16,4245.56,4249.99,4697,0,0.32,XAUUSD.vx,PERIOD_H1
2026.08.06 02:00:00,1785981600,4250.06,4281.92,4249.08,4278.11,8584,0,0.32,XAUUSD.vx,PERIOD_H1
2026.08.06 03:00:00,1785985200,4278.10,4300.22,4264.47,4294.72,18171,0,0.32,XAUUSD.vx,PERIOD_H1
2026.08.06 04:00:00,1785988800,4294.73,4302.56,4272.81,4286.52,22862,0,0.32,XAUUSD.vx,PERIOD_H1
2026.08.06 05:00:00,1785992400,4286.48,4304.00,4274.93,4278.54,15587,0,0.32,XAUUSD.vx,PERIOD_H1
2026.08.06 06:00:00,1785996000,4278.49,4280.88,4260.44,4265.56,12937,0,0.30,XAUUSD.vx,PERIOD_H1
2026.08.06 07:00:00,1785999600,4265.63,4267.15,4252.89,4262.14,8850,0,0.30,XAUUSD.vx,PERIOD_H1
2026.08.06 08:00:00,1786003200,4261.98,4268.43,4247.13,4267.15,13111,0,0.30,XAUUSD.vx,PERIOD_H1
2026.08.06 09:00:00,1786006800,4267.16,4268.49,4249.31,4256.02,13310,0,0.30,XAUUSD.vx,PERIOD_H1
2026.08.06 10:00:00,1786010400,4256.01,4265.40,4252.52,4262.62,10771,0,0.30,XAUUSD.vx,PERIOD_H1
2026.08.06 11:00:00,1786014000,4262.61,4278.79,4260.18,4278.17,12038,0,0.30,XAUUSD.vx,PERIOD_H1
2026.08.06 12:00:00,1786017600,4278.19,4284.68,4271.19,4272.92,10787,0,0.30,XAUUSD.vx,PERIOD_H1
2026.08.06 13:00:00,1786021200,4272.92,4273.57,4264.62,4270.78,9464,0,0.30,XAUUSD.vx,PERIOD_H1
2026.08.06 14:00:00,1786024800,4270.79,4273.30,4254.19,4263.24,12799,0,0.30,XAUUSD.vx,PERIOD_H1
2026.08.06 15:00:00,1786028400,4263.50,4270.77,4249.18,4250.19,14801,0,0.30,XAUUSD.vx,PERIOD_H1
2026.08.06 16:00:00,1786032000,4250.14,4274.14,4230.76,4267.05,23287,0,0.30,XAUUSD.vx,PERIOD_H1
2026.08.06 17:00:00,1786035600,4267.04,4275.22,4260.10,4272.93,22317,0,0.30,XAUUSD.vx,PERIOD_H1
2026.08.06 18:00:00,1786039200,4272.93,4274.28,4229.57,4233.54,21269,0,0.30,XAUUSD.vx,PERIOD_H1
2026.08.06 19:00:00,1786042800,4233.61,4243.00,4223.35,4241.30,19650,0,0.30,XAUUSD.vx,PERIOD_H1
2026.08.06 20:00:00,1786046400,4241.38,4248.05,4238.44,4247.12,13568,0,0.30,XAUUSD.vx,PERIOD_H1
2026.08.06 21:00:00,1786050000,4247.26,4249.54,4240.67,4243.36,9930,0,0.30,XAUUSD.vx,PERIOD_H1
2026.08.06 22:00:00,1786053600,4243.42,4251.27,4233.00,4248.85,13088,0,0.30,XAUUSD.vx,PERIOD_H1
2026.08.06 23:00:00,1786057200,4248.83,4250.09,4234.63,4241.51,5483,0,0.30,XAUUSD.vx,PERIOD_H1
2026.08.07 01:00:00,1786064400,4239.69,4243.41,4235.78,4240.69,3356,0,0.32,XAUUSD.vx,PERIOD_H1
2026.08.07 02:00:00,1786068000,4240.35,4253.13,4240.25,4252.25,5167,0,0.32,XAUUSD.vx,PERIOD_H1
2026.08.07 03:00:00,1786071600,4251.73,4252.82,4229.61,4232.70,14864,0,0.32,XAUUSD.vx,PERIOD_H1
2026.08.07 04:00:00,1786075200,4232.72,4259.21,4231.61,4256.67,18980,0,0.32,XAUUSD.vx,PERIOD_H1
2026.08.07 05:00:00,1786078800,4256.73,4261.56,4247.13,4250.21,12689,0,0.32,XAUUSD.vx,PERIOD_H1
2026.08.07 06:00:00,1786082400,4250.17,4266.25,4249.55,4266.05,9591,0,0.30,XAUUSD.vx,PERIOD_H1
2026.08.07 07:00:00,1786086000,4266.01,4269.05,4260.67,4264.93,9566,0,0.30,XAUUSD.vx,PERIOD_H1
2026.08.07 08:00:00,1786089600,4264.92,4280.44,4261.82,4278.60,12818,0,0.30,XAUUSD.vx,PERIOD_H1
2026.08.07 09:00:00,1786093200,4278.59,4298.69,4278.38,4297.21,16854,0,0.30,XAUUSD.vx,PERIOD_H1
2026.08.07 10:00:00,1786096800,4297.21,4297.78,4282.84,4290.02,17237,0,0.30,XAUUSD.vx,PERIOD_H1
2026.08.07 11:00:00,1786100400,4289.98,4316.58,4288.99,4306.10,19028,0,0.30,XAUUSD.vx,PERIOD_H1
2026.08.07 12:00:00,1786104000,4306.09,4320.53,4302.15,4316.00,17293,0,0.30,XAUUSD.vx,PERIOD_H1
2026.08.07 13:00:00,1786107600,4315.98,4320.59,4308.06,4316.81,14639,0,0.30,XAUUSD.vx,PERIOD_H1
2026.08.07 14:00:00,1786111200,4316.93,4327.67,4316.75,4321.17,17917,0,0.30,XAUUSD.vx,PERIOD_H1
2026.08.07 15:00:00,1786114800,4321.18,4371.79,4301.45,4361.35,23266,0,0.30,XAUUSD.vx,PERIOD_H1
2026.08.07 16:00:00,1786118400,4361.34,4367.85,4339.09,4347.95,28404,0,0.30,XAUUSD.vx,PERIOD_H1
2026.08.07 17:00:00,1786122000,4347.99,4352.70,4327.46,4341.41,30173,0,0.30,XAUUSD.vx,PERIOD_H1
2026.08.07 18:00:00,1786125600,4341.40,4358.31,4339.76,4340.90,25244,0,0.30,XAUUSD.vx,PERIOD_H1
2026.08.07 19:00:00,1786129200,4340.89,4349.48,4329.08,4329.11,24186,0,0.30,XAUUSD.vx,PERIOD_H1
2026.08.07 20:00:00,1786132800,4329.11,4342.99,4327.74,4340.14,20869,0,0.30,XAUUSD.vx,PERIOD_H1
2026.08.07 21:00:00,1786136400,4340.15,4342.92,4332.10,4335.49,14949,0,0.30,XAUUSD.vx,PERIOD_H1
2026.08.07 22:00:00,1786140000,4335.40,4350.29,4335.31,4343.95,21429,0,0.30,XAUUSD.vx,PERIOD_H1
2026.08.07 23:00:00,1786143600,4343.96,4345.21,4335.93,4341.38,7339,0,0.30,XAUUSD.vx,PERIOD_H1
2026.08.10 01:00:00,1786323600,4341.95,4353.19,4332.92,4341.60,10236,0,0.32,XAUUSD.vx,PERIOD_H1
2026.08.10 02:00:00,1786327200,4341.62,4348.97,4332.07,4332.88,10728,0,0.32,XAUUSD.vx,PERIOD_H1
2026.08.10 03:00:00,1786330800,4332.80,4347.07,4330.68,4332.25,20515,0,0.32,XAUUSD.vx,PERIOD_H1
2026.08.10 04:00:00,1786334400,4332.17,4340.63,4313.32,4322.45,25897,0,0.32,XAUUSD.vx,PERIOD_H1
2026.08.10 05:00:00,1786338000,4322.44,4332.30,4318.65,4319.62,18872,0,0.32,XAUUSD.vx,PERIOD_H1
2026.08.10 06:00:00,1786341600,4319.63,4329.83,4317.65,4326.68,13348,0,0.30,XAUUSD.vx,PERIOD_H1
2026.08.10 07:00:00,1786345200,4326.68,4339.48,4323.09,4339.42,12370,0,0.30,XAUUSD.vx,PERIOD_H1
2026.08.10 08:00:00,1786348800,4339.41,4352.14,4331.59,4347.26,16467,0,0.30,XAUUSD.vx,PERIOD_H1
2026.08.10 09:00:00,1786352400,4347.31,4359.65,4341.84,4358.01,16519,0,0.30,XAUUSD.vx,PERIOD_H1
2026.08.10 10:00:00,1786356000,4358.04,4361.99,4350.02,4355.35,14692,0,0.30,XAUUSD.vx,PERIOD_H1
2026.08.10 11:00:00,1786359600,4355.06,4356.58,4343.82,4346.55,12973,0,0.30,XAUUSD.vx,PERIOD_H1
2026.08.10 12:00:00,1786363200,4346.54,4349.94,4340.39,4341.12,11640,0,0.30,XAUUSD.vx,PERIOD_H1
2026.08.10 13:00:00,1786366800,4341.13,4344.09,4335.33,4335.66,10863,0,0.30,XAUUSD.vx,PERIOD_H1
2026.08.10 14:00:00,1786370400,4335.74,4339.32,4328.87,4334.96,12556,0,0.30,XAUUSD.vx,PERIOD_H1
2026.08.10 15:00:00,1786374000,4334.95,4337.48,4324.11,4332.42,16017,0,0.30,XAUUSD.vx,PERIOD_H1
2026.08.10 16:00:00,1786377600,4332.51,4339.96,4316.63,4317.75,25405,0,0.30,XAUUSD.vx,PERIOD_H1
2026.08.10 17:00:00,1786381200,4317.88,4351.80,4317.88,4345.37,25146,0,0.30,XAUUSD.vx,PERIOD_H1
2026.08.10 18:00:00,1786384800,4345.57,4359.40,4343.26,4358.38,20572,0,0.30,XAUUSD.vx,PERIOD_H1
2026.08.10 19:00:00,1786388400,4358.44,4364.68,4350.00,4356.76,19805,0,0.30,XAUUSD.vx,PERIOD_H1
2026.08.10 20:00:00,1786392000,4356.75,4365.26,4351.67,4360.17,16499,0,0.30,XAUUSD.vx,PERIOD_H1
2026.08.10 21:00:00,1786395600,4360.19,4382.88,4359.81,4378.50,19550,0,0.30,XAUUSD.vx,PERIOD_H1
2026.08.10 22:00:00,1786399200,4378.49,4395.13,4378.43,4388.27,22879,0,0.30,XAUUSD.vx,PERIOD_H1
2026.08.10 23:00:00,1786402800,4388.26,4391.95,4385.74,4389.27,6451,0,0.30,XAUUSD.vx,PERIOD_H1
2026.08.11 01:00:00,1786410000,4388.95,4400.50,4387.48,4399.61,7227,0,0.32,XAUUSD.vx,PERIOD_H1
2026.08.11 02:00:00,1786413600,4399.75,4402.57,4394.63,4402.34,9472,0,0.32,XAUUSD.vx,PERIOD_H1
2026.08.11 03:00:00,1786417200,4402.32,4419.22,4396.41,4409.57,17624,0,0.32,XAUUSD.vx,PERIOD_H1
2026.08.11 04:00:00,1786420800,4409.45,4433.97,4393.67,4429.60,27295,0,0.32,XAUUSD.vx,PERIOD_H1
2026.08.11 05:00:00,1786424400,4429.67,4435.08,4407.95,4410.83,21245,0,0.32,XAUUSD.vx,PERIOD_H1
2026.08.11 06:00:00,1786428000,4410.79,4421.50,4409.80,4416.73,13200,0,0.30,XAUUSD.vx,PERIOD_H1
2026.08.11 07:00:00,1786431600,4416.73,4420.33,4403.38,4408.82,12721,0,0.30,XAUUSD.vx,PERIOD_H1
2026.08.11 08:00:00,1786435200,4408.80,4408.96,4367.49,4375.27,21594,0,0.30,XAUUSD.vx,PERIOD_H1
2026.08.11 09:00:00,1786438800,4375.26,4382.48,4359.65,4366.19,21998,0,0.30,XAUUSD.vx,PERIOD_H1
2026.08.11 10:00:00,1786442400,4366.17,4367.61,4356.66,4357.42,14403,0,0.30,XAUUSD.vx,PERIOD_H1
2026.08.11 11:00:00,1786446000,4357.63,4376.56,4356.88,4369.04,15192,0,0.30,XAUUSD.vx,PERIOD_H1
2026.08.11 12:00:00,1786449600,4369.03,4375.48,4367.47,4372.31,13362,0,0.30,XAUUSD.vx,PERIOD_H1
2026.08.11 13:00:00,1786453200,4372.32,4382.46,4371.14,4382.28,12482,0,0.30,XAUUSD.vx,PERIOD_H1
2026.08.11 14:00:00,1786456800,4382.29,4392.88,4380.37,4387.63,16715,0,0.30,XAUUSD.vx,PERIOD_H1
2026.08.11 15:00:00,1786460400,4387.64,4400.00,4383.80,4392.44,19234,0,0.30,XAUUSD.vx,PERIOD_H1
2026.08.11 16:00:00,1786464000,4392.43,4404.11,4384.46,4389.23,27281,0,0.30,XAUUSD.vx,PERIOD_H1
2026.08.11 17:00:00,1786467600,4389.24,4397.92,4381.20,4394.03,25385,0,0.30,XAUUSD.vx,PERIOD_H1
2026.08.11 18:00:00,1786471200,4394.13,4398.78,4369.12,4383.73,23917,0,0.30,XAUUSD.vx,PERIOD_H1
2026.08.11 19:00:00,1786474800,4383.75,4385.74,4378.41,4383.32,16039,0,0.30,XAUUSD.vx,PERIOD_H1
2026.08.11 20:00:00,1786478400,4383.39,4385.70,4368.90,4369.08,16344,0,0.30,XAUUSD.vx,PERIOD_H1
2026.08.11 21:00:00,1786482000,4369.16,4372.63,4360.18,4371.45,17831,0,0.30,XAUUSD.vx,PERIOD_H1
2026.08.11 22:00:00,1786485600,4371.46,4374.14,4361.23,4370.60,15172,0,0.30,XAUUSD.vx,PERIOD_H1
2026.08.11 23:00:00,1786489200,4370.70,4370.97,4367.05,4367.70,4758,0,0.30,XAUUSD.vx,PERIOD_H1
2026.08.12 01:00:00,1786496400,4370.72,4378.36,4367.12,4368.91,10283,0,0.32,XAUUSD.vx,PERIOD_H1
2026.08.12 02:00:00,1786500000,4369.00,4374.47,4362.46,4371.44,11340,0,0.32,XAUUSD.vx,PERIOD_H1
2026.08.12 03:00:00,1786503600,4371.46,4383.52,4366.36,4380.49,16950,0,0.32,XAUUSD.vx,PERIOD_H1
2026.08.12 04:00:00,1786507200,4380.90,4397.30,4378.26,4396.33,20448,0,0.32,XAUUSD.vx,PERIOD_H1
2026.08.12 05:00:00,1786510800,4396.38,4414.37,4394.10,4411.20,18129,0,0.32,XAUUSD.vx,PERIOD_H1
2026.08.12 06:00:00,1786514400,4411.19,4416.00,4400.74,4402.20,14232,0,0.30,XAUUSD.vx,PERIOD_H1
2026.08.12 07:00:00,1786518000,4402.21,4403.17,4395.36,4400.98,8953,0,0.30,XAUUSD.vx,PERIOD_H1
2026.08.12 08:00:00,1786521600,4400.97,4404.72,4383.89,4391.06,15701,0,0.30,XAUUSD.vx,PERIOD_H1
2026.08.12 09:00:00,1786525200,4391.04,4406.22,4385.11,4403.32,16290,0,0.30,XAUUSD.vx,PERIOD_H1
2026.08.12 10:00:00,1786528800,4403.33,4409.97,4398.11,4406.21,11967,0,0.30,XAUUSD.vx,PERIOD_H1
2026.08.12 11:00:00,1786532400,4406.13,4410.48,4401.61,4401.69,10906,0,0.30,XAUUSD.vx,PERIOD_H1
2026.08.12 12:00:00,1786536000,4401.79,4424.02,4401.74,4415.79,14416,0,0.30,XAUUSD.vx,PERIOD_H1
2026.08.12 13:00:00,1786539600,4415.85,4420.88,4407.42,4412.63,11672,0,0.30,XAUUSD.vx,PERIOD_H1
2026.08.12 14:00:00,1786543200,4412.70,4416.64,4407.81,4412.74,11237,0,0.30,XAUUSD.vx,PERIOD_H1
2026.08.12 15:00:00,1786546800,4412.76,4438.07,4382.70,4437.56,22015,0,0.30,XAUUSD.vx,PERIOD_H1
2026.08.12 16:00:00,1786550400,4437.51,4441.14,4408.44,4427.56,28420,0,0.30,XAUUSD.vx,PERIOD_H1
2026.08.12 17:00:00,1786554000,4427.53,4439.67,4416.34,4421.88,28665,0,0.30,XAUUSD.vx,PERIOD_H1
2026.08.12 18:00:00,1786557600,4421.93,4429.99,4410.93,4420.94,23552,0,0.30,XAUUSD.vx,PERIOD_H1
2026.08.12 19:00:00,1786561200,4420.95,4426.38,4396.60,4401.59,22659,0,0.30,XAUUSD.vx,PERIOD_H1
2026.08.12 20:00:00,1786564800,4401.53,4411.43,4399.04,4399.43,19592,0,0.30,XAUUSD.vx,PERIOD_H1
2026.08.12 21:00:00,1786568400,4399.46,4417.83,4396.38,4412.97,14115,0,0.30,XAUUSD.vx,PERIOD_H1
2026.08.12 22:00:00,1786572000,4412.99,4418.27,4408.15,4413.80,14609,0,0.30,XAUUSD.vx,PERIOD_H1
2026.08.12 23:00:00,1786575600,4413.79,4414.15,4406.55,4407.36,5659,0,0.30,XAUUSD.vx,PERIOD_H1
2026.08.13 01:00:00,1786582800,4409.19,4411.66,4398.23,4402.20,6559,0,0.32,XAUUSD.vx,PERIOD_H1
2026.08.13 02:00:00,1786586400,4402.23,4414.40,4401.63,4414.33,6798,0,0.32,XAUUSD.vx,PERIOD_H1
2026.08.13 03:00:00,1786590000,4414.31,4449.58,4412.92,4428.03,23002,0,0.32,XAUUSD.vx,PERIOD_H1
2026.08.13 04:00:00,1786593600,4427.54,4435.27,4406.20,4408.40,28584,0,0.32,XAUUSD.vx,PERIOD_H1
2026.08.13 05:00:00,1786597200,4408.35,4413.98,4398.88,4407.01,21741,0,0.32,XAUUSD.vx,PERIOD_H1
2026.08.13 06:00:00,1786600800,4407.00,4412.12,4398.63,4400.17,14924,0,0.30,XAUUSD.vx,PERIOD_H1
2026.08.13 07:00:00,1786604400,4400.13,4400.34,4391.64,4397.81,13844,0,0.30,XAUUSD.vx,PERIOD_H1
2026.08.13 08:00:00,1786608000,4397.81,4407.16,4380.49,4382.99,21810,0,0.30,XAUUSD.vx,PERIOD_H1
2026.08.13 09:00:00,1786611600,4382.98,4385.48,4368.90,4380.87,21072,0,0.30,XAUUSD.vx,PERIOD_H1
2026.08.13 10:00:00,1786615200,4380.83,4381.66,4369.21,4369.83,17285,0,0.30,XAUUSD.vx,PERIOD_H1
2026.08.13 11:00:00,1786618800,4369.84,4379.19,4364.06,4375.79,15908,0,0.30,XAUUSD.vx,PERIOD_H1
2026.08.13 12:00:00,1786622400,4375.76,4384.82,4372.43,4384.49,13494,0,0.30,XAUUSD.vx,PERIOD_H1
2026.08.13 13:00:00,1786626000,4384.53,4393.71,4381.39,4392.08,10942,0,0.30,XAUUSD.vx,PERIOD_H1
2026.08.13 14:00:00,1786629600,4392.07,4396.53,4382.79,4387.59,13594,0,0.30,XAUUSD.vx,PERIOD_H1
2026.08.13 15:00:00,1786633200,4387.61,4401.81,4380.74,4401.76,19903,0,0.30,XAUUSD.vx,PERIOD_H1
2026.08.13 16:00:00,1786636800,4401.74,4401.91,4370.70,4372.74,28836,0,0.30,XAUUSD.vx,PERIOD_H1
2026.08.13 17:00:00,1786640400,4372.84,4386.96,4357.77,4383.55,28709,0,0.30,XAUUSD.vx,PERIOD_H1
2026.08.13 18:00:00,1786644000,4383.59,4385.59,4357.60,4365.04,25108,0,0.30,XAUUSD.vx,PERIOD_H1
2026.08.13 19:00:00,1786647600,4365.07,4368.32,4351.30,4366.94,22060,0,0.30,XAUUSD.vx,PERIOD_H1
2026.08.13 20:00:00,1786651200,4366.93,4373.25,4355.62,4355.89,19912,0,0.30,XAUUSD.vx,PERIOD_H1
2026.08.13 21:00:00,1786654800,4355.90,4363.51,4354.63,4356.92,17584,0,0.30,XAUUSD.vx,PERIOD_H1
2026.08.13 22:00:00,1786658400,4357.00,4358.82,4343.70,4350.18,18728,0,0.30,XAUUSD.vx,PERIOD_H1
2026.08.13 23:00:00,1786662000,4350.11,4352.14,4346.87,4348.82,6603,0,0.30,XAUUSD.vx,PERIOD_H1
2026.08.14 01:00:00,1786669200,4353.84,4362.75,4351.78,4354.77,9774,0,0.32,XAUUSD.vx,PERIOD_H1
2026.08.14 02:00:00,1786672800,4354.81,4364.06,4349.14,4356.62,11615,0,0.32,XAUUSD.vx,PERIOD_H1
2026.08.14 03:00:00,1786676400,4356.39,4361.89,4329.29,4340.92,21347,0,0.32,XAUUSD.vx,PERIOD_H1
2026.08.14 04:00:00,1786680000,4340.91,4341.35,4312.16,4318.11,27317,0,0.32,XAUUSD.vx,PERIOD_H1
2026.08.14 05:00:00,1786683600,4318.41,4322.71,4310.91,4315.57,20979,0,0.32,XAUUSD.vx,PERIOD_H1
2026.08.14 06:00:00,1786687200,4315.58,4328.15,4313.69,4323.51,11939,0,0.30,XAUUSD.vx,PERIOD_H1
2026.08.14 07:00:00,1786690800,4323.50,4327.86,4322.68,4326.85,8299,0,0.30,XAUUSD.vx,PERIOD_H1
2026.08.14 08:00:00,1786694400,4326.87,4333.52,4311.03,4333.52,16595,0,0.30,XAUUSD.vx,PERIOD_H1
2026.08.14 09:00:00,1786698000,4333.53,4336.56,4327.89,4335.59,16408,0,0.30,XAUUSD.vx,PERIOD_H1
2026.08.14 10:00:00,1786701600,4335.50,4345.24,4329.75,4343.62,13104,0,0.30,XAUUSD.vx,PERIOD_H1
2026.08.14 11:00:00,1786705200,4343.64,4349.62,4341.84,4348.59,13230,0,0.30,XAUUSD.vx,PERIOD_H1
2026.08.14 12:00:00,1786708800,4348.50,4357.40,4345.98,4357.09,11668,0,0.30,XAUUSD.vx,PERIOD_H1
2026.08.14 13:00:00,1786712400,4357.10,4358.60,4348.17,4349.23,10822,0,0.30,XAUUSD.vx,PERIOD_H1
2026.08.14 14:00:00,1786716000,4349.45,4369.30,4348.42,4369.08,13027,0,0.30,XAUUSD.vx,PERIOD_H1
2026.08.14 15:00:00,1786719600,4369.17,4386.77,4365.81,4373.58,18955,0,0.30,XAUUSD.vx,PERIOD_H1
2026.08.14 16:00:00,1786723200,4373.62,4396.91,4370.18,4384.39,24163,0,0.30,XAUUSD.vx,PERIOD_H1
2026.08.14 17:00:00,1786726800,4384.44,4394.53,4378.82,4381.36,22476,0,0.30,XAUUSD.vx,PERIOD_H1
2026.08.14 18:00:00,1786730400,4381.37,4394.59,4379.01,4391.57,22437,0,0.30,XAUUSD.vx,PERIOD_H1
2026.08.14 19:00:00,1786734000,4391.64,4396.64,4380.23,4385.80,16191,0,0.30,XAUUSD.vx,PERIOD_H1
2026.08.14 20:00:00,1786737600,4385.83,4386.37,4376.24,4378.40,13541,0,0.30,XAUUSD.vx,PERIOD_H1
2026.08.14 21:00:00,1786741200,4378.42,4382.65,4370.77,4373.45,11913,0,0.30,XAUUSD.vx,PERIOD_H1
2026.08.14 22:00:00,1786744800,4373.41,4379.85,4372.17,4376.05,12962,0,0.30,XAUUSD.vx,PERIOD_H1
2026.08.14 23:00:00,1786748400,4376.06,4376.84,4371.35,4376.00,5582,0,0.30,XAUUSD.vx,PERIOD_H1
2026.08.17 01:00:00,1786928400,4386.29,4386.76,4371.87,4385.91,9606,0,0.32,XAUUSD.vx,PERIOD_H1
2026.08.17 02:00:00,1786932000,4385.90,4386.24,4367.19,4370.24,12000,0,0.32,XAUUSD.vx,PERIOD_H1
2026.08.17 03:00:00,1786935600,4370.26,4401.99,4368.04,4400.74,17001,0,0.32,XAUUSD.vx,PERIOD_H1
2026.08.17 04:00:00,1786939200,4400.82,4416.38,4392.03,4395.64,24501,0,0.32,XAUUSD.vx,PERIOD_H1
2026.08.17 05:00:00,1786942800,4395.61,4398.17,4388.24,4393.11,17133,0,0.32,XAUUSD.vx,PERIOD_H1
2026.08.17 06:00:00,1786946400,4393.14,4397.63,4387.98,4397.00,12400,0,0.30,XAUUSD.vx,PERIOD_H1
2026.08.17 07:00:00,1786950000,4397.07,4399.58,4388.99,4390.66,10011,0,0.30,XAUUSD.vx,PERIOD_H1
2026.08.17 08:00:00,1786953600,4390.65,4401.16,4386.95,4394.72,14416,0,0.30,XAUUSD.vx,PERIOD_H1
2026.08.17 09:00:00,1786957200,4394.76,4404.48,4392.67,4403.00,16152,0,0.30,XAUUSD.vx,PERIOD_H1
2026.08.17 10:00:00,1786960800,4402.99,4411.19,4396.02,4405.20,13864,0,0.30,XAUUSD.vx,PERIOD_H1
2026.08.17 11:00:00,1786964400,4405.18,4405.18,4392.47,4394.98,11686,0,0.30,XAUUSD.vx,PERIOD_H1
2026.08.17 12:00:00,1786968000,4394.96,4400.51,4392.58,4395.47,11193,0,0.30,XAUUSD.vx,PERIOD_H1
2026.08.17 13:00:00,1786971600,4395.51,4405.77,4391.86,4398.93,11312,0,0.30,XAUUSD.vx,PERIOD_H1
2026.08.17 14:00:00,1786975200,4398.95,4404.84,4395.42,4396.77,11367,0,0.30,XAUUSD.vx,PERIOD_H1
2026.08.17 15:00:00,1786978800,4396.68,4398.69,4377.29,4384.87,17792,0,0.30,XAUUSD.vx,PERIOD_H1
2026.08.17 16:00:00,1786982400,4384.88,4416.06,4381.83,4408.61,25088,0,0.30,XAUUSD.vx,PERIOD_H1
2026.08.17 17:00:00,1786986000,4408.64,4427.47,4403.76,4417.25,27228,0,0.30,XAUUSD.vx,PERIOD_H1
2026.08.17 18:00:00,1786989600,4417.25,4427.72,4415.04,4427.51,21211,0,0.30,XAUUSD.vx,PERIOD_H1
2026.08.17 19:00:00,1786993200,4427.59,4428.76,4422.56,4424.11,14773,0,0.30,XAUUSD.vx,PERIOD_H1
2026.08.17 20:00:00,1786996800,4424.10,4426.03,4411.16,4413.59,17146,0,0.30,XAUUSD.vx,PERIOD_H1
2026.08.17 21:00:00,1787000400,4413.60,4416.03,4398.18,4406.65,15658,0,0.30,XAUUSD.vx,PERIOD_H1
2026.08.17 22:00:00,1787004000,4406.55,4420.90,4400.16,4419.72,16571,0,0.30,XAUUSD.vx,PERIOD_H1
2026.08.17 23:00:00,1787007600,4419.74,4421.27,4414.47,4415.73,4268,0,0.30,XAUUSD.vx,PERIOD_H1
2026.08.18 01:00:00,1787014800,4418.14,4419.17,4410.46,4411.71,6374,0,0.32,XAUUSD.vx,PERIOD_H1
2026.08.18 02:00:00,1787018400,4411.83,4425.91,4409.68,4425.79,9243,0,0.32,XAUUSD.vx,PERIOD_H1
2026.08.18 03:00:00,1787022000,4425.81,4434.96,4418.90,4434.61,16219,0,0.32,XAUUSD.vx,PERIOD_H1
2026.08.18 04:00:00,1787025600,4434.61,4436.09,4404.25,4407.95,24740,0,0.32,XAUUSD.vx,PERIOD_H1
2026.08.18 05:00:00,1787029200,4407.90,4408.10,4394.19,4399.90,20181,0,0.32,XAUUSD.vx,PERIOD_H1
2026.08.18 06:00:00,1787032800,4399.87,4404.02,4390.60,4391.81,15252,0,0.30,XAUUSD.vx,PERIOD_H1
2026.08.18 07:00:00,1787036400,4391.82,4395.41,4388.88,4393.55,10574,0,0.30,XAUUSD.vx,PERIOD_H1
2026.08.18 08:00:00,1787040000,4393.52,4397.48,4386.00,4394.25,14675,0,0.30,XAUUSD.vx,PERIOD_H1
2026.08.18 09:00:00,1787043600,4394.26,4400.13,4387.55,4398.76,15373,0,0.30,XAUUSD.vx,PERIOD_H1
2026.08.18 10:00:00,1787047200,4398.75,4403.58,4395.42,4395.59,13139,0,0.30,XAUUSD.vx,PERIOD_H1
2026.08.18 11:00:00,1787050800,4395.55,4398.52,4386.83,4393.24,15156,0,0.30,XAUUSD.vx,PERIOD_H1
2026.08.18 12:00:00,1787054400,4393.23,4394.90,4386.95,4393.23,13536,0,0.30,XAUUSD.vx,PERIOD_H1
2026.08.18 13:00:00,1787058000,4393.22,4399.50,4389.64,4397.59,9872,0,0.30,XAUUSD.vx,PERIOD_H1
2026.08.18 14:00:00,1787061600,4397.67,4399.01,4388.53,4395.89,11687,0,0.30,XAUUSD.vx,PERIOD_H1
2026.08.18 15:00:00,1787065200,4396.05,4400.72,4389.78,4394.22,16315,0,0.30,XAUUSD.vx,PERIOD_H1
2026.08.18 16:00:00,1787068800,4394.16,4406.42,4376.73,4394.57,26537,0,0.30,XAUUSD.vx,PERIOD_H1
2026.08.18 17:00:00,1787072400,4394.67,4406.47,4363.70,4366.59,29533,0,0.30,XAUUSD.vx,PERIOD_H1
2026.08.18 18:00:00,1787076000,4366.61,4377.56,4351.62,4364.84,28611,0,0.30,XAUUSD.vx,PERIOD_H1
2026.08.18 19:00:00,1787079600,4364.81,4371.59,4362.95,4363.84,18381,0,0.30,XAUUSD.vx,PERIOD_H1
2026.08.18 20:00:00,1787083200,4363.83,4368.18,4356.63,4357.67,17728,0,0.30,XAUUSD.vx,PERIOD_H1
2026.08.18 21:00:00,1787086800,4357.73,4360.89,4352.59,4354.21,13875,0,0.30,XAUUSD.vx,PERIOD_H1
2026.08.18 22:00:00,1787090400,4354.34,4358.66,4338.31,4345.46,15659,0,0.30,XAUUSD.vx,PERIOD_H1
2026.08.18 23:00:00,1787094000,4345.49,4346.37,4329.11,4334.21,9105,0,0.30,XAUUSD.vx,PERIOD_H1
2026.08.19 01:00:00,1787101200,4333.81,4343.39,4332.76,4333.74,9440,0,0.32,XAUUSD.vx,PERIOD_H1
2026.08.19 02:00:00,1787104800,4334.07,4338.31,4327.09,4332.93,12616,0,0.32,XAUUSD.vx,PERIOD_H1
2026.08.19 03:00:00,1787108400,4332.95,4347.12,4331.48,4337.92,23698,0,0.32,XAUUSD.vx,PERIOD_H1
2026.08.19 04:00:00,1787112000,4337.94,4357.55,4324.58,4356.40,26559,0,0.32,XAUUSD.vx,PERIOD_H1
2026.08.19 05:00:00,1787115600,4356.53,4361.90,4351.45,4354.88,18230,0,0.32,XAUUSD.vx,PERIOD_H1
2026.08.19 06:00:00,1787119200,4354.88,4360.25,4351.83,4354.93,12236,0,0.30,XAUUSD.vx,PERIOD_H1
2026.08.19 07:00:00,1787122800,4354.99,4356.23,4343.87,4348.41,10968,0,0.30,XAUUSD.vx,PERIOD_H1
2026.08.19 08:00:00,1787126400,4348.39,4350.61,4335.01,4335.57,18314,0,0.30,XAUUSD.vx,PERIOD_H1
2026.08.19 09:00:00,1787130000,4335.58,4349.32,4335.27,4349.05,20034,0,0.30,XAUUSD.vx,PERIOD_H1
2026.08.19 10:00:00,1787133600,4348.99,4363.10,4347.38,4354.72,14336,0,0.30,XAUUSD.vx,PERIOD_H1
2026.08.19 11:00:00,1787137200,4354.75,4363.06,4351.01,4355.55,14487,0,0.30,XAUUSD.vx,PERIOD_H1
2026.08.19 12:00:00,1787140800,4355.56,4361.93,4353.37,4361.87,14308,0,0.30,XAUUSD.vx,PERIOD_H1
2026.08.19 13:00:00,1787144400,4361.94,4369.40,4359.60,4367.19,12887,0,0.30,XAUUSD.vx,PERIOD_H1
2026.08.19 14:00:00,1787148000,4367.28,4374.03,4363.15,4364.58,14542,0,0.30,XAUUSD.vx,PERIOD_H1
2026.08.19 15:00:00,1787151600,4364.59,4442.20,4361.96,4438.73,22676,0,0.30,XAUUSD.vx,PERIOD_H1
2026.08.19 16:00:00,1787155200,4438.76,4466.09,4424.25,4459.70,28936,0,0.30,XAUUSD.vx,PERIOD_H1
2026.08.19 17:00:00,1787158800,4459.66,4498.58,4455.18,4488.13,28083,0,0.30,XAUUSD.vx,PERIOD_H1
2026.08.19 18:00:00,1787162400,4488.14,4494.09,4478.17,4493.78,25229,0,0.30,XAUUSD.vx,PERIOD_H1
2026.08.19 19:00:00,1787166000,4493.77,4499.28,4490.58,4493.57,22249,0,0.30,XAUUSD.vx,PERIOD_H1
2026.08.19 20:00:00,1787169600,4493.17,4499.01,4484.34,4486.84,21517,0,0.30,XAUUSD.vx,PERIOD_H1
2026.08.19 21:00:00,1787173200,4486.91,4496.73,4472.06,4495.03,21477,0,0.30,XAUUSD.vx,PERIOD_H1
2026.08.19 22:00:00,1787176800,4495.01,4512.11,4494.34,4511.22,23464,0,0.30,XAUUSD.vx,PERIOD_H1
2026.08.19 23:00:00,1787180400,4511.16,4523.96,4505.11,4523.75,9798,0,0.30,XAUUSD.vx,PERIOD_H1
2026.08.20 01:00:00,1787187600,4518.37,4527.36,4516.48,4518.83,10884,0,0.32,XAUUSD.vx,PERIOD_H1
2026.08.20 02:00:00,1787191200,4518.85,4523.62,4511.19,4511.65,10762,0,0.32,XAUUSD.vx,PERIOD_H1
2026.08.20 03:00:00,1787194800,4511.63,4521.24,4503.87,4504.56,20380,0,0.32,XAUUSD.vx,PERIOD_H1
2026.08.20 04:00:00,1787198400,4504.53,4509.95,4484.36,4489.59,26309,0,0.32,XAUUSD.vx,PERIOD_H1
2026.08.20 05:00:00,1787202000,4489.58,4499.58,4488.50,4490.60,19280,0,0.32,XAUUSD.vx,PERIOD_H1
2026.08.20 06:00:00,1787205600,4490.63,4501.01,4487.97,4498.75,15170,0,0.30,XAUUSD.vx,PERIOD_H1
2026.08.20 07:00:00,1787209200,4498.80,4499.19,4486.27,4488.47,11722,0,0.30,XAUUSD.vx,PERIOD_H1
2026.08.20 08:00:00,1787212800,4488.48,4493.90,4477.90,4481.30,15565,0,0.30,XAUUSD.vx,PERIOD_H1
2026.08.20 09:00:00,1787216400,4481.22,4495.85,4480.04,4493.75,15572,0,0.30,XAUUSD.vx,PERIOD_H1
2026.08.20 10:00:00,1787220000,4493.74,4494.10,4483.44,4490.82,14503,0,0.30,XAUUSD.vx,PERIOD_H1
2026.08.20 11:00:00,1787223600,4490.79,4498.61,4487.17,4489.23,16780,0,0.30,XAUUSD.vx,PERIOD_H1
2026.08.20 12:00:00,1787227200,4489.27,4494.08,4481.81,4482.65,14117,0,0.30,XAUUSD.vx,PERIOD_H1
2026.08.20 13:00:00,1787230800,4482.63,4494.76,4480.72,4490.03,13358,0,0.30,XAUUSD.vx,PERIOD_H1
2026.08.20 14:00:00,1787234400,4490.08,4491.20,4465.35,4466.88,18062,0,0.30,XAUUSD.vx,PERIOD_H1
2026.08.20 15:00:00,1787238000,4467.00,4477.04,4450.63,4474.81,24050,0,0.30,XAUUSD.vx,PERIOD_H1
2026.08.20 16:00:00,1787241600,4474.76,4489.23,4469.27,4481.57,26280,0,0.30,XAUUSD.vx,PERIOD_H1
2026.08.20 17:00:00,1787245200,4481.67,4516.22,4480.75,4515.93,28459,0,0.30,XAUUSD.vx,PERIOD_H1
2026.08.20 18:00:00,1787248800,4515.86,4540.84,4509.98,4521.56,28855,0,0.30,XAUUSD.vx,PERIOD_H1
2026.08.20 19:00:00,1787252400,4521.59,4524.74,4502.73,4509.95,23081,0,0.30,XAUUSD.vx,PERIOD_H1
2026.08.20 20:00:00,1787256000,4510.12,4520.40,4507.78,4519.82,18588,0,0.30,XAUUSD.vx,PERIOD_H1
2026.08.20 21:00:00,1787259600,4519.83,4525.19,4508.35,4521.97,20308,0,0.30,XAUUSD.vx,PERIOD_H1
2026.08.20 22:00:00,1787263200,4521.95,4532.09,4518.12,4528.70,17713,0,0.29,XAUUSD.vx,PERIOD_H1
2026.08.20 23:00:00,1787266800,4528.67,4529.07,4516.76,4519.66,7209,0,0.29,XAUUSD.vx,PERIOD_H1
2026.08.21 01:00:00,1787274000,4522.04,4524.36,4516.76,4524.15,7378,0,0.31,XAUUSD.vx,PERIOD_H1
2026.08.21 02:00:00,1787277600,4524.08,4532.82,4520.88,4526.23,10380,0,0.31,XAUUSD.vx,PERIOD_H1
2026.08.21 03:00:00,1787281200,4526.24,4527.39,4509.82,4510.48,17435,0,0.31,XAUUSD.vx,PERIOD_H1
2026.08.21 04:00:00,1787284800,4510.47,4543.78,4508.73,4530.65,24878,0,0.31,XAUUSD.vx,PERIOD_H1
2026.08.21 05:00:00,1787288400,4530.64,4542.91,4518.16,4533.70,19124,0,0.31,XAUUSD.vx,PERIOD_H1
2026.08.21 06:00:00,1787292000,4533.71,4538.26,4526.68,4535.38,14130,0,0.29,XAUUSD.vx,PERIOD_H1
2026.08.21 07:00:00,1787295600,4535.37,4547.90,4535.36,4540.54,11530,0,0.29,XAUUSD.vx,PERIOD_H1
2026.08.21 08:00:00,1787299200,4540.53,4556.27,4529.14,4553.52,16372,0,0.29,XAUUSD.vx,PERIOD_H1
2026.08.21 09:00:00,1787302800,4553.61,4567.54,4545.48,4560.87,18968,0,0.29,XAUUSD.vx,PERIOD_H1
2026.08.21 10:00:00,1787306400,4560.95,4567.95,4558.49,4564.26,14197,0,0.29,XAUUSD.vx,PERIOD_H1
2026.08.21 11:00:00,1787310000,4564.26,4584.95,4559.09,4584.04,16102,0,0.29,XAUUSD.vx,PERIOD_H1
2026.08.21 12:00:00,1787313600,4584.10,4601.91,4580.32,4582.55,16064,0,0.29,XAUUSD.vx,PERIOD_H1
2026.08.21 13:00:00,1787317200,4582.55,4594.00,4577.88,4588.43,14632,0,0.29,XAUUSD.vx,PERIOD_H1
2026.08.21 14:00:00,1787320800,4588.44,4604.51,4587.11,4596.96,17525,0,0.29,XAUUSD.vx,PERIOD_H1
2026.08.21 15:00:00,1787324400,4596.96,4601.51,4563.42,4577.92,20560,0,0.29,XAUUSD.vx,PERIOD_H1
2026.08.21 16:00:00,1787328000,4577.91,4592.92,4573.32,4580.95,26546,0,0.29,XAUUSD.vx,PERIOD_H1
2026.08.21 17:00:00,1787331600,4580.89,4603.57,4579.74,4591.48,28509,0,0.29,XAUUSD.vx,PERIOD_H1
2026.08.21 18:00:00,1787335200,4591.49,4615.18,4587.23,4614.58,25742,0,0.29,XAUUSD.vx,PERIOD_H1
2026.08.21 19:00:00,1787338800,4614.56,4629.04,4609.02,4628.78,23126,0,0.29,XAUUSD.vx,PERIOD_H1
2026.08.21 20:00:00,1787342400,4628.80,4632.03,4615.30,4620.48,22546,0,0.29,XAUUSD.vx,PERIOD_H1
2026.08.21 21:00:00,1787346000,4620.54,4627.62,4619.47,4624.30,15249,0,0.29,XAUUSD.vx,PERIOD_H1
2026.08.21 22:00:00,1787349600,4624.31,4625.47,4615.56,4616.87,17420,0,0.29,XAUUSD.vx,PERIOD_H1
2026.08.21 23:00:00,1787353200,4616.88,4617.53,4603.20,4604.90,9704,0,0.29,XAUUSD.vx,PERIOD_H1
2026.08.24 01:00:00,1787533200,4612.98,4624.02,4605.99,4606.10,13043,0,0.31,XAUUSD.vx,PERIOD_H1
2026.08.24 02:00:00,1787536800,4606.19,4624.56,4604.64,4624.05,13721,0,0.31,XAUUSD.vx,PERIOD_H1
2026.08.24 03:00:00,1787540400,4624.08,4640.69,4594.53,4621.71,26356,0,0.31,XAUUSD.vx,PERIOD_H1
2026.08.24 04:00:00,1787544000,4621.72,4637.66,4608.03,4632.13,29298,0,0.31,XAUUSD.vx,PERIOD_H1
2026.08.24 05:00:00,1787547600,4632.09,4656.72,4627.45,4643.63,27629,0,0.31,XAUUSD.vx,PERIOD_H1
2026.08.24 06:00:00,1787551200,4643.66,4650.07,4633.30,4641.54,19438,0,0.29,XAUUSD.vx,PERIOD_H1
2026.08.24 07:00:00,1787554800,4641.53,4642.55,4632.53,4638.78,15356,0,0.29,XAUUSD.vx,PERIOD_H1
2026.08.24 08:00:00,1787558400,4638.83,4646.56,4629.60,4640.62,21105,0,0.29,XAUUSD.vx,PERIOD_H1
2026.08.24 09:00:00,1787562000,4640.63,4659.76,4639.24,4649.95,24539,0,0.29,XAUUSD.vx,PERIOD_H1
2026.08.24 10:00:00,1787565600,4649.97,4654.59,4630.17,4641.57,19383,0,0.29,XAUUSD.vx,PERIOD_H1
2026.08.24 11:00:00,1787569200,4641.58,4646.09,4628.86,4637.93,17925,0,0.29,XAUUSD.vx,PERIOD_H1
2026.08.24 12:00:00,1787572800,4637.90,4645.90,4632.85,4645.76,14921,0,0.29,XAUUSD.vx,PERIOD_H1
2026.08.24 13:00:00,1787576400,4645.75,4649.98,4641.75,4643.27,15093,0,0.29,XAUUSD.vx,PERIOD_H1
2026.08.24 14:00:00,1787580000,4643.22,4669.99,4639.06,4657.79,19225,0,0.29,XAUUSD.vx,PERIOD_H1
2026.08.24 15:00:00,1787583600,4657.78,4668.61,4645.51,4662.75,20603,0,0.29,XAUUSD.vx,PERIOD_H1
2026.08.24 16:00:00,1787587200,4662.72,4680.81,4656.15,4664.64,29265,0,0.29,XAUUSD.vx,PERIOD_H1
2026.08.24 17:00:00,1787590800,4664.49,4678.62,4655.51,4670.25,29143,0,0.29,XAUUSD.vx,PERIOD_H1
2026.08.24 18:00:00,1787594400,4670.28,4679.43,4639.90,4649.14,26942,0,0.29,XAUUSD.vx,PERIOD_H1
2026.08.24 19:00:00,1787598000,4649.31,4662.13,4642.09,4644.84,22346,0,0.29,XAUUSD.vx,PERIOD_H1
2026.08.24 20:00:00,1787601600,4644.93,4655.08,4630.41,4636.68,25015,0,0.29,XAUUSD.vx,PERIOD_H1
2026.08.24 21:00:00,1787605200,4636.55,4642.14,4625.07,4636.50,22165,0,0.29,XAUUSD.vx,PERIOD_H1
2026.08.24 22:00:00,1787608800,4636.29,4655.79,4635.87,4651.71,19646,0,0.29,XAUUSD.vx,PERIOD_H1
2026.08.24 23:00:00,1787612400,4651.73,4655.12,4647.11,4650.98,6246,0,0.29,XAUUSD.vx,PERIOD_H1
2026.08.25 01:00:00,1787619600,4654.43,4668.39,4651.93,4667.66,6673,0,0.31,XAUUSD.vx,PERIOD_H1
2026.08.25 02:00:00,1787623200,4667.91,4682.75,4666.82,4679.81,11695,0,0.31,XAUUSD.vx,PERIOD_H1
2026.08.25 03:00:00,1787626800,4679.86,4696.65,4675.38,4684.43,25061,0,0.31,XAUUSD.vx,PERIOD_H1
2026.08.25 04:00:00,1787630400,4684.41,4686.44,4656.58,4658.03,29679,0,0.31,XAUUSD.vx,PERIOD_H1
2026.08.25 05:00:00,1787634000,4658.04,4661.43,4618.02,4629.44,29879,0,0.31,XAUUSD.vx,PERIOD_H1
2026.08.25 06:00:00,1787637600,4629.47,4641.28,4622.19,4633.63,20550,0,0.29,XAUUSD.vx,PERIOD_H1
2026.08.25 07:00:00,1787641200,4633.64,4637.67,4623.74,4625.81,15961,0,0.29,XAUUSD.vx,PERIOD_H1
2026.08.25 08:00:00,1787644800,4625.87,4647.85,4624.05,4642.93,20960,0,0.29,XAUUSD.vx,PERIOD_H1
2026.08.25 09:00:00,1787648400,4642.95,4653.39,4637.01,4638.24,19054,0,0.29,XAUUSD.vx,PERIOD_H1
2026.08.25 10:00:00,1787652000,4638.28,4643.72,4629.77,4630.12,16529,0,0.29,XAUUSD.vx,PERIOD_H1
2026.08.25 11:00:00,1787655600,4630.14,4645.33,4620.12,4630.22,19317,0,0.29,XAUUSD.vx,PERIOD_H1
2026.08.25 12:00:00,1787659200,4630.26,4642.45,4624.08,4636.37,19274,0,0.29,XAUUSD.vx,PERIOD_H1
2026.08.25 13:00:00,1787662800,4636.38,4642.32,4632.82,4639.21,13521,0,0.29,XAUUSD.vx,PERIOD_H1
2026.08.25 14:00:00,1787666400,4639.20,4647.27,4636.86,4642.34,14168,0,0.29,XAUUSD.vx,PERIOD_H1
2026.08.25 15:00:00,1787670000,4642.33,4644.20,4630.07,4640.81,17680,0,0.29,XAUUSD.vx,PERIOD_H1
2026.08.25 16:00:00,1787673600,4640.86,4641.14,4605.33,4616.50,29824,0,0.29,XAUUSD.vx,PERIOD_H1
2026.08.25 17:00:00,1787677200,4616.51,4640.00,4613.45,4635.53,26976,0,0.29,XAUUSD.vx,PERIOD_H1
2026.08.25 18:00:00,1787680800,4635.50,4659.36,4629.35,4652.57,24961,0,0.29,XAUUSD.vx,PERIOD_H1
2026.08.25 19:00:00,1787684400,4652.58,4653.28,4637.00,4643.39,18983,0,0.29,XAUUSD.vx,PERIOD_H1
2026.08.25 20:00:00,1787688000,4643.45,4648.36,4634.13,4648.36,17815,0,0.29,XAUUSD.vx,PERIOD_H1
2026.08.25 21:00:00,1787691600,4648.35,4655.04,4644.21,4654.47,11934,0,0.29,XAUUSD.vx,PERIOD_H1
2026.08.25 22:00:00,1787695200,4654.45,4667.91,4653.28,4666.85,16696,0,0.29,XAUUSD.vx,PERIOD_H1
2026.08.25 23:00:00,1787698800,4666.87,4668.93,4659.25,4659.60,9502,0,0.29,XAUUSD.vx,PERIOD_H1
2026.08.26 01:00:00,1787706000,4657.74,4673.63,4656.00,4672.48,6895,0,0.31,XAUUSD.vx,PERIOD_H1
2026.08.26 02:00:00,1787709600,4672.50,4673.39,4653.17,4654.81,9587,0,0.31,XAUUSD.vx,PERIOD_H1
2026.08.26 03:00:00,1787713200,4654.80,4657.46,4634.41,4637.36,18062,0,0.31,XAUUSD.vx,PERIOD_H1
2026.08.26 04:00:00,1787716800,4637.39,4660.79,4629.80,4656.99,23668,0,0.31,XAUUSD.vx,PERIOD_H1
2026.08.26 05:00:00,1787720400,4656.98,4670.67,4654.87,4658.29,19573,0,0.31,XAUUSD.vx,PERIOD_H1
2026.08.26 06:00:00,1787724000,4658.33,4658.47,4642.53,4642.65,14163,0,0.29,XAUUSD.vx,PERIOD_H1
2026.08.26 07:00:00,1787727600,4642.61,4644.32,4638.80,4640.59,7946,0,0.29,XAUUSD.vx,PERIOD_H1
2026.08.26 08:00:00,1787731200,4640.59,4649.45,4635.47,4639.61,15832,0,0.29,XAUUSD.vx,PERIOD_H1
2026.08.26 09:00:00,1787734800,4639.60,4641.37,4624.55,4634.16,17844,0,0.29,XAUUSD.vx,PERIOD_H1
2026.08.26 10:00:00,1787738400,4634.14,4639.21,4626.46,4628.92,13420,0,0.29,XAUUSD.vx,PERIOD_H1
2026.08.26 11:00:00,1787742000,4628.91,4630.62,4622.20,4628.22,13136,0,0.29,XAUUSD.vx,PERIOD_H1
2026.08.26 12:00:00,1787745600,4628.22,4630.85,4616.22,4623.18,12603,0,0.29,XAUUSD.vx,PERIOD_H1
2026.08.26 13:00:00,1787749200,4623.08,4624.06,4613.33,4620.18,10670,0,0.29,XAUUSD.vx,PERIOD_H1
2026.08.26 14:00:00,1787752800,4620.21,4625.16,4616.45,4624.59,12268,0,0.29,XAUUSD.vx,PERIOD_H1
2026.08.26 15:00:00,1787756400,4624.60,4633.44,4610.68,4614.51,19067,0,0.29,XAUUSD.vx,PERIOD_H1
2026.08.26 16:00:00,1787760000,4614.50,4631.84,4597.95,4631.49,26648,0,0.29,XAUUSD.vx,PERIOD_H1
2026.08.26 17:00:00,1787763600,4631.49,4633.35,4602.83,4602.87,24525,0,0.29,XAUUSD.vx,PERIOD_H1
2026.08.26 18:00:00,1787767200,4602.94,4609.20,4583.00,4595.99,24623,0,0.29,XAUUSD.vx,PERIOD_H1
2026.08.26 19:00:00,1787770800,4596.00,4601.40,4585.71,4591.54,19968,0,0.29,XAUUSD.vx,PERIOD_H1
2026.08.26 20:00:00,1787774400,4591.54,4602.28,4590.61,4597.71,16303,0,0.29,XAUUSD.vx,PERIOD_H1
2026.08.26 21:00:00,1787778000,4597.71,4604.48,4592.43,4593.73,14775,0,0.29,XAUUSD.vx,PERIOD_H1
2026.08.26 22:00:00,1787781600,4593.99,4601.56,4590.97,4594.21,14576,0,0.29,XAUUSD.vx,PERIOD_H1
2026.08.26 23:00:00,1787785200,4594.24,4596.61,4584.05,4592.76,10234,0,0.29,XAUUSD.vx,PERIOD_H1
2026.08.27 01:00:00,1787792400,4597.54,4613.22,4594.63,4609.31,11164,0,0.31,XAUUSD.vx,PERIOD_H1
2026.08.27 02:00:00,1787796000,4609.30,4624.88,4606.89,4623.52,11349,0,0.31,XAUUSD.vx,PERIOD_H1
2026.08.27 03:00:00,1787799600,4623.51,4626.95,4600.48,4605.01,18662,0,0.31,XAUUSD.vx,PERIOD_H1
2026.08.27 04:00:00,1787803200,4605.07,4640.78,4602.31,4639.99,25994,0,0.31,XAUUSD.vx,PERIOD_H1
2026.08.27 05:00:00,1787806800,4640.07,4642.97,4623.50,4629.55,20617,0,0.31,XAUUSD.vx,PERIOD_H1
2026.08.27 06:00:00,1787810400,4629.54,4638.57,4624.36,4625.43,13800,0,0.29,XAUUSD.vx,PERIOD_H1
2026.08.27 07:00:00,1787814000,4625.44,4627.22,4617.14,4618.71,10648,0,0.29,XAUUSD.vx,PERIOD_H1
2026.08.27 08:00:00,1787817600,4618.72,4621.55,4600.93,4606.95,17850,0,0.29,XAUUSD.vx,PERIOD_H1
2026.08.27 09:00:00,1787821200,4606.94,4611.81,4597.89,4600.24,18241,0,0.29,XAUUSD.vx,PERIOD_H1
2026.08.27 10:00:00,1787824800,4600.23,4605.73,4593.48,4600.09,15544,0,0.29,XAUUSD.vx,PERIOD_H1
2026.08.27 11:00:00,1787828400,4600.18,4606.74,4594.72,4598.98,13921,0,0.29,XAUUSD.vx,PERIOD_H1
2026.08.27 12:00:00,1787832000,4599.05,4600.68,4578.35,4580.29,15392,0,0.29,XAUUSD.vx,PERIOD_H1
2026.08.27 13:00:00,1787835600,4580.37,4590.49,4569.12,4590.05,14958,0,0.29,XAUUSD.vx,PERIOD_H1
2026.08.27 14:00:00,1787839200,4590.01,4600.28,4587.20,4598.27,13925,0,0.29,XAUUSD.vx,PERIOD_H1
2026.08.27 15:00:00,1787842800,4598.26,4601.07,4580.41,4585.78,16449,0,0.29,XAUUSD.vx,PERIOD_H1
2026.08.27 16:00:00,1787846400,4585.77,4593.30,4565.18,4572.34,27226,0,0.29,XAUUSD.vx,PERIOD_H1
2026.08.27 17:00:00,1787850000,4572.27,4598.15,4568.39,4591.20,25028,0,0.29,XAUUSD.vx,PERIOD_H1
2026.08.27 18:00:00,1787853600,4591.23,4611.18,4588.73,4610.40,23358,0,0.29,XAUUSD.vx,PERIOD_H1
2026.08.27 19:00:00,1787857200,4610.39,4616.57,4602.33,4614.82,19298,0,0.29,XAUUSD.vx,PERIOD_H1
2026.08.27 20:00:00,1787860800,4614.86,4616.43,4605.03,4606.38,18298,0,0.29,XAUUSD.vx,PERIOD_H1
2026.08.27 21:00:00,1787864400,4606.44,4611.11,4600.89,4610.28,17964,0,0.29,XAUUSD.vx,PERIOD_H1
2026.08.27 22:00:00,1787868000,4610.36,4617.98,4604.18,4609.22,17618,0,0.29,XAUUSD.vx,PERIOD_H1
2026.08.27 23:00:00,1787871600,4609.19,4609.54,4600.78,4600.95,6185,0,0.29,XAUUSD.vx,PERIOD_H1
2026.08.28 01:00:00,1787878800,4602.64,4610.75,4601.02,4610.64,6864,0,0.31,XAUUSD.vx,PERIOD_H1
2026.08.28 02:00:00,1787882400,4610.63,4611.41,4594.22,4594.44,7890,0,0.31,XAUUSD.vx,PERIOD_H1
2026.08.28 03:00:00,1787886000,4594.42,4602.45,4585.65,4588.68,14479,0,0.31,XAUUSD.vx,PERIOD_H1
2026.08.28 04:00:00,1787889600,4588.72,4602.14,4575.33,4575.85,25481,0,0.31,XAUUSD.vx,PERIOD_H1
2026.08.28 05:00:00,1787893200,4575.83,4589.61,4575.06,4586.31,16575,0,0.31,XAUUSD.vx,PERIOD_H1
2026.08.28 06:00:00,1787896800,4586.33,4590.04,4578.64,4579.89,12595,0,0.29,XAUUSD.vx,PERIOD_H1
2026.08.28 07:00:00,1787900400,4579.89,4585.30,4577.89,4584.26,7616,0,0.29,XAUUSD.vx,PERIOD_H1
2026.08.28 08:00:00,1787904000,4584.30,4586.22,4571.61,4573.30,13609,0,0.29,XAUUSD.vx,PERIOD_H1
2026.08.28 09:00:00,1787907600,4573.30,4613.13,4572.36,4612.59,19292,0,0.29,XAUUSD.vx,PERIOD_H1
2026.08.28 10:00:00,1787911200,4612.55,4614.29,4596.60,4611.77,16717,0,0.29,XAUUSD.vx,PERIOD_H1
2026.08.28 11:00:00,1787914800,4611.59,4614.52,4600.93,4602.86,13246,0,0.29,XAUUSD.vx,PERIOD_H1
2026.08.28 12:00:00,1787918400,4602.83,4607.33,4600.40,4605.11,11540,0,0.29,XAUUSD.vx,PERIOD_H1
2026.08.28 13:00:00,1787922000,4605.12,4609.81,4597.51,4600.12,12270,0,0.29,XAUUSD.vx,PERIOD_H1
2026.08.28 14:00:00,1787925600,4600.12,4601.31,4591.27,4593.35,13949,0,0.29,XAUUSD.vx,PERIOD_H1
2026.08.28 15:00:00,1787929200,4593.34,4603.69,4589.03,4601.61,18360,0,0.29,XAUUSD.vx,PERIOD_H1
2026.08.28 16:00:00,1787932800,4601.59,4627.21,4593.66,4605.68,27103,0,0.29,XAUUSD.vx,PERIOD_H1
2026.08.28 17:00:00,1787936400,4605.71,4631.42,4529.86,4576.54,26156,0,0.29,XAUUSD.vx,PERIOD_H1
2026.08.28 18:00:00,1787940000,4576.54,4582.71,4523.98,4524.50,29338,0,0.29,XAUUSD.vx,PERIOD_H1
2026.08.28 19:00:00,1787943600,4524.54,4529.40,4464.15,4479.35,32559,0,0.29,XAUUSD.vx,PERIOD_H1
2026.08.28 20:00:00,1787947200,4479.35,4486.53,4460.41,4469.27,28391,0,0.29,XAUUSD.vx,PERIOD_H1
2026.08.28 21:00:00,1787950800,4469.35,4471.61,4445.29,4456.99,28036,0,0.29,XAUUSD.vx,PERIOD_H1
2026.08.28 22:00:00,1787954400,4456.82,4466.85,4452.96,4458.16,21910,0,0.29,XAUUSD.vx,PERIOD_H1
2026.08.28 23:00:00,1787958000,4458.25,4462.72,4453.70,4455.00,9224,0,0.29,XAUUSD.vx,PERIOD_H1
2026.08.31 01:00:00,1788138000,4434.36,4465.99,4425.58,4461.36,13908,0,0.31,XAUUSD.vx,PERIOD_H1
2026.08.31 02:00:00,1788141600,4461.33,4466.75,4435.86,4458.44,16787,0,0.31,XAUUSD.vx,PERIOD_H1
2026.08.31 03:00:00,1788145200,4458.37,4472.05,4452.20,4456.20,20590,0,0.31,XAUUSD.vx,PERIOD_H1
2026.08.31 04:00:00,1788148800,4456.21,4463.21,4435.93,4440.18,30481,0,0.31,XAUUSD.vx,PERIOD_H1
2026.08.31 05:00:00,1788152400,4440.13,4441.34,4396.48,4422.81,27298,0,0.31,XAUUSD.vx,PERIOD_H1
2026.08.31 06:00:00,1788156000,4422.81,4433.91,4419.80,4422.52,16734,0,0.29,XAUUSD.vx,PERIOD_H1
2026.08.31 07:00:00,1788159600,4422.51,4424.87,4412.87,4424.45,12303,0,0.29,XAUUSD.vx,PERIOD_H1
2026.08.31 08:00:00,1788163200,4424.46,4443.75,4419.17,4442.85,18845,0,0.29,XAUUSD.vx,PERIOD_H1
2026.08.31 09:00:00,1788166800,4442.89,4442.98,4429.29,4439.30,17375,0,0.29,XAUUSD.vx,PERIOD_H1
2026.08.31 10:00:00,1788170400,4439.25,4448.13,4435.10,4443.26,13851,0,0.29,XAUUSD.vx,PERIOD_H1
2026.08.31 11:00:00,1788174000,4443.26,4449.41,4433.76,4435.56,12450,0,0.29,XAUUSD.vx,PERIOD_H1
2026.08.31 12:00:00,1788177600,4435.74,4445.42,4435.55,4445.10,10604,0,0.29,XAUUSD.vx,PERIOD_H1
2026.08.31 13:00:00,1788181200,4445.29,4455.47,4444.75,4453.80,12558,0,0.29,XAUUSD.vx,PERIOD_H1
2026.08.31 14:00:00,1788184800,4453.79,4463.94,4452.48,4455.33,13161,0,0.29,XAUUSD.vx,PERIOD_H1
2026.08.31 15:00:00,1788188400,4455.30,4460.88,4435.32,4435.74,17868,0,0.29,XAUUSD.vx,PERIOD_H1
2026.08.31 16:00:00,1788192000,4435.73,4448.21,4415.67,4418.49,26908,0,0.29,XAUUSD.vx,PERIOD_H1
2026.08.31 17:00:00,1788195600,4418.48,4436.45,4416.15,4431.49,28654,0,0.29,XAUUSD.vx,PERIOD_H1
2026.08.31 18:00:00,1788199200,4431.64,4437.79,4424.53,4426.18,24497,0,0.29,XAUUSD.vx,PERIOD_H1
2026.08.31 19:00:00,1788202800,4426.22,4440.19,4423.69,4433.18,20705,0,0.29,XAUUSD.vx,PERIOD_H1
2026.08.31 20:00:00,1788206400,4433.15,4439.96,4428.66,4436.46,18952,0,0.29,XAUUSD.vx,PERIOD_H1
2026.08.31 21:00:00,1788210000,4436.45,4436.72,4426.17,4430.79,16005,0,0.29,XAUUSD.vx,PERIOD_H1
2026.08.31 22:00:00,1788213600,4430.80,4453.61,4429.09,4453.20,16861,0,0.29,XAUUSD.vx,PERIOD_H1
2026.08.31 23:00:00,1788217200,4453.40,4455.75,4446.44,4448.10,6816,0,0.29,XAUUSD.vx,PERIOD_H1
2026.09.01 01:00:00,1788224400,4448.30,4455.79,4445.55,4447.13,6236,0,0.31,XAUUSD.vx,PERIOD_H1
2026.09.01 02:00:00,1788228000,4446.90,4452.41,4441.73,4452.28,7525,0,0.31,XAUUSD.vx,PERIOD_H1
2026.09.01 03:00:00,1788231600,4452.22,4461.36,4446.35,4453.62,17953,0,0.31,XAUUSD.vx,PERIOD_H1
2026.09.01 04:00:00,1788235200,4453.66,4456.91,4436.30,4444.31,22705,0,0.31,XAUUSD.vx,PERIOD_H1
2026.09.01 05:00:00,1788238800,4444.30,4449.07,4427.69,4443.03,19580,0,0.31,XAUUSD.vx,PERIOD_H1
2026.09.01 06:00:00,1788242400,4443.02,4443.99,4431.72,4436.63,14389,0,0.29,XAUUSD.vx,PERIOD_H1
2026.09.01 07:00:00,1788246000,4436.61,4437.63,4425.45,4426.60,11273,0,0.29,XAUUSD.vx,PERIOD_H1
2026.09.01 08:00:00,1788249600,4426.59,4445.94,4424.16,4440.13,16754,0,0.29,XAUUSD.vx,PERIOD_H1
2026.09.01 09:00:00,1788253200,4440.14,4440.51,4427.60,4429.55,15429,0,0.29,XAUUSD.vx,PERIOD_H1
2026.09.01 10:00:00,1788256800,4429.50,4434.92,4412.03,4420.11,18147,0,0.29,XAUUSD.vx,PERIOD_H1
2026.09.01 11:00:00,1788260400,4420.10,4420.10,4369.40,4370.82,24724,0,0.29,XAUUSD.vx,PERIOD_H1
2026.09.01 12:00:00,1788264000,4370.75,4378.06,4364.59,4364.65,19568,0,0.29,XAUUSD.vx,PERIOD_H1
2026.09.01 13:00:00,1788267600,4364.61,4385.85,4364.21,4378.11,16417,0,0.29,XAUUSD.vx,PERIOD_H1
2026.09.01 14:00:00,1788271200,4378.13,4387.17,4371.90,4374.51,16700,0,0.29,XAUUSD.vx,PERIOD_H1
2026.09.01 15:00:00,1788274800,4374.37,4376.05,4351.94,4356.30,22772,0,0.29,XAUUSD.vx,PERIOD_H1
2026.09.01 16:00:00,1788278400,4356.16,4367.21,4326.18,4365.35,29812,0,0.29,XAUUSD.vx,PERIOD_H1
2026.09.01 17:00:00,1788282000,4365.07,4375.56,4353.22,4360.24,26031,0,0.29,XAUUSD.vx,PERIOD_H1
2026.09.01 18:00:00,1788285600,4360.29,4373.79,4355.24,4372.85,22155,0,0.29,XAUUSD.vx,PERIOD_H1
2026.09.01 19:00:00,1788289200,4372.78,4374.66,4346.99,4351.27,23617,0,0.29,XAUUSD.vx,PERIOD_H1
2026.09.01 20:00:00,1788292800,4351.34,4351.92,4340.97,4342.87,20827,0,0.29,XAUUSD.vx,PERIOD_H1
2026.09.01 21:00:00,1788296400,4343.00,4344.48,4328.21,4331.65,19346,0,0.29,XAUUSD.vx,PERIOD_H1
2026.09.01 22:00:00,1788300000,4331.61,4337.59,4322.68,4327.16,19263,0,0.29,XAUUSD.vx,PERIOD_H1
2026.09.01 23:00:00,1788303600,4326.92,4330.65,4323.61,4328.56,8377,0,0.29,XAUUSD.vx,PERIOD_H1
2026.09.02 01:00:00,1788310800,4330.90,4334.51,4326.25,4329.28,6388,0,0.31,XAUUSD.vx,PERIOD_H1
2026.09.02 02:00:00,1788314400,4329.30,4335.71,4323.27,4324.34,8775,0,0.31,XAUUSD.vx,PERIOD_H1
2026.09.02 03:00:00,1788318000,4324.44,4334.46,4314.54,4315.75,23056,0,0.31,XAUUSD.vx,PERIOD_H1
2026.09.02 04:00:00,1788321600,4315.54,4326.63,4288.40,4290.89,30063,0,0.31,XAUUSD.vx,PERIOD_H1
2026.09.02 05:00:00,1788325200,4290.98,4314.73,4287.22,4302.81,21066,0,0.31,XAUUSD.vx,PERIOD_H1
2026.09.02 06:00:00,1788328800,4302.80,4304.21,4282.44,4303.21,19166,0,0.29,XAUUSD.vx,PERIOD_H1
2026.09.02 07:00:00,1788332400,4303.19,4307.76,4301.35,4307.23,10865,0,0.29,XAUUSD.vx,PERIOD_H1
2026.09.02 08:00:00,1788336000,4307.17,4326.41,4303.58,4319.83,17676,0,0.29,XAUUSD.vx,PERIOD_H1
2026.09.02 09:00:00,1788339600,4319.84,4329.20,4314.56,4321.65,19770,0,0.29,XAUUSD.vx,PERIOD_H1
2026.09.02 10:00:00,1788343200,4321.65,4331.27,4319.17,4323.13,17988,0,0.29,XAUUSD.vx,PERIOD_H1
2026.09.02 11:00:00,1788346800,4323.17,4331.58,4312.52,4312.81,16950,0,0.29,XAUUSD.vx,PERIOD_H1
2026.09.02 12:00:00,1788350400,4312.84,4322.32,4304.88,4308.49,16963,0,0.29,XAUUSD.vx,PERIOD_H1
2026.09.02 13:00:00,1788354000,4308.47,4312.17,4301.64,4309.20,14021,0,0.29,XAUUSD.vx,PERIOD_H1
2026.09.02 14:00:00,1788357600,4309.18,4332.86,4307.53,4332.24,19075,0,0.29,XAUUSD.vx,PERIOD_H1
2026.09.02 15:00:00,1788361200,4332.23,4344.29,4327.36,4331.46,21425,0,0.29,XAUUSD.vx,PERIOD_H1
2026.09.02 16:00:00,1788364800,4331.26,4385.50,4330.67,4385.31,25507,0,0.29,XAUUSD.vx,PERIOD_H1
2026.09.02 17:00:00,1788368400,4385.32,4397.58,4374.22,4376.88,26496,0,0.29,XAUUSD.vx,PERIOD_H1
2026.09.02 18:00:00,1788372000,4376.85,4380.80,4364.51,4373.03,23305,0,0.29,XAUUSD.vx,PERIOD_H1
2026.09.02 19:00:00,1788375600,4373.05,4374.75,4364.47,4368.21,17675,0,0.29,XAUUSD.vx,PERIOD_H1
2026.09.02 20:00:00,1788379200,4368.29,4380.68,4364.55,4376.90,16285,0,0.29,XAUUSD.vx,PERIOD_H1
2026.09.02 21:00:00,1788382800,4376.91,4379.61,4369.19,4374.06,15801,0,0.29,XAUUSD.vx,PERIOD_H1
2026.09.02 22:00:00,1788386400,4374.05,4391.14,4371.66,4390.96,16738,0,0.29,XAUUSD.vx,PERIOD_H1
2026.09.02 23:00:00,1788390000,4391.14,4391.42,4383.92,4389.14,7164,0,0.29,XAUUSD.vx,PERIOD_H1
2026.09.03 01:00:00,1788397200,4386.42,4393.19,4383.47,4384.58,6530,0,0.31,XAUUSD.vx,PERIOD_H1
2026.09.03 02:00:00,1788400800,4384.76,4388.78,4381.06,4385.57,7698,0,0.31,XAUUSD.vx,PERIOD_H1
2026.09.03 03:00:00,1788404400,4385.54,4397.75,4382.48,4395.43,14736,0,0.31,XAUUSD.vx,PERIOD_H1
2026.09.03 04:00:00,1788408000,4395.47,4412.30,4387.35,4410.31,23951,0,0.31,XAUUSD.vx,PERIOD_H1
2026.09.03 05:00:00,1788411600,4410.32,4420.42,4406.65,4420.34,18565,0,0.31,XAUUSD.vx,PERIOD_H1
2026.09.03 06:00:00,1788415200,4420.32,4432.56,4419.37,4431.38,13273,0,0.29,XAUUSD.vx,PERIOD_H1
2026.09.03 07:00:00,1788418800,4431.35,4438.44,4425.57,4437.32,9628,0,0.29,XAUUSD.vx,PERIOD_H1
2026.09.03 08:00:00,1788422400,4437.31,4440.15,4422.46,4431.01,19043,0,0.29,XAUUSD.vx,PERIOD_H1
2026.09.03 09:00:00,1788426000,4431.01,4436.22,4418.73,4420.58,18295,0,0.29,XAUUSD.vx,PERIOD_H1
2026.09.03 10:00:00,1788429600,4420.59,4431.54,4419.06,4428.73,17167,0,0.29,XAUUSD.vx,PERIOD_H1
2026.09.03 11:00:00,1788433200,4428.66,4443.60,4427.98,4434.88,17610,0,0.29,XAUUSD.vx,PERIOD_H1
2026.09.03 12:00:00,1788436800,4434.88,4441.84,4425.60,4427.47,14805,0,0.29,XAUUSD.vx,PERIOD_H1
2026.09.03 13:00:00,1788440400,4427.49,4429.78,4419.01,4427.24,14192,0,0.29,XAUUSD.vx,PERIOD_H1
2026.09.03 14:00:00,1788444000,4427.18,4445.06,4424.94,4444.15,15766,0,0.29,XAUUSD.vx,PERIOD_H1
2026.09.03 15:00:00,1788447600,4444.03,4495.13,4437.82,4493.32,22428,0,0.29,XAUUSD.vx,PERIOD_H1
2026.09.03 16:00:00,1788451200,4493.39,4495.84,4456.80,4470.77,26382,0,0.29,XAUUSD.vx,PERIOD_H1
2026.09.03 17:00:00,1788454800,4470.79,4485.30,4459.50,4485.30,25438,0,0.29,XAUUSD.vx,PERIOD_H1
2026.09.03 18:00:00,1788458400,4485.29,4510.71,4484.18,4493.17,24229,0,0.29,XAUUSD.vx,PERIOD_H1
2026.09.03 19:00:00,1788462000,4493.16,4495.44,4485.40,4486.12,18777,0,0.29,XAUUSD.vx,PERIOD_H1
2026.09.03 20:00:00,1788465600,4486.15,4494.62,4483.19,4486.49,15114,0,0.29,XAUUSD.vx,PERIOD_H1
2026.09.03 21:00:00,1788469200,4486.51,4489.70,4473.91,4475.11,16011,0,0.29,XAUUSD.vx,PERIOD_H1
2026.09.03 22:00:00,1788472800,4475.09,4480.71,4472.57,4475.12,15650,0,0.29,XAUUSD.vx,PERIOD_H1
2026.09.03 23:00:00,1788476400,4475.12,4475.62,4470.42,4473.48,6215,0,0.29,XAUUSD.vx,PERIOD_H1
2026.09.04 01:00:00,1788483600,4472.41,4478.72,4471.34,4474.44,8014,0,0.31,XAUUSD.vx,PERIOD_H1
2026.09.04 02:00:00,1788487200,4474.45,4480.33,4471.59,4480.09,7795,0,0.31,XAUUSD.vx,PERIOD_H1
2026.09.04 03:00:00,1788490800,4480.04,4487.19,4472.78,4486.42,13051,0,0.31,XAUUSD.vx,PERIOD_H1
2026.09.04 04:00:00,1788494400,4486.30,4487.02,4467.04,4478.82,21538,0,0.31,XAUUSD.vx,PERIOD_H1
2026.09.04 05:00:00,1788498000,4478.80,4482.52,4470.12,4477.29,15532,0,0.31,XAUUSD.vx,PERIOD_H1
2026.09.04 06:00:00,1788501600,4477.35,4478.58,4466.95,4466.96,10861,0,0.29,XAUUSD.vx,PERIOD_H1
2026.09.04 07:00:00,1788505200,4466.96,4474.85,4465.35,4473.69,7716,0,0.29,XAUUSD.vx,PERIOD_H1
2026.09.04 08:00:00,1788508800,4473.63,4477.54,4466.87,4471.99,13728,0,0.29,XAUUSD.vx,PERIOD_H1
2026.09.04 09:00:00,1788512400,4472.04,4473.33,4460.07,4462.86,15881,0,0.29,XAUUSD.vx,PERIOD_H1
2026.09.04 10:00:00,1788516000,4462.83,4490.69,4461.41,4483.36,14496,0,0.29,XAUUSD.vx,PERIOD_H1
2026.09.04 11:00:00,1788519600,4483.24,4486.47,4474.37,4477.70,13280,0,0.29,XAUUSD.vx,PERIOD_H1
2026.09.04 12:00:00,1788523200,4477.69,4479.13,4463.81,4465.48,12445,0,0.29,XAUUSD.vx,PERIOD_H1
2026.09.04 13:00:00,1788526800,4465.38,4476.31,4465.37,4472.78,10149,0,0.29,XAUUSD.vx,PERIOD_H1
2026.09.04 14:00:00,1788530400,4472.80,4473.29,4465.19,4466.89,11488,0,0.29,XAUUSD.vx,PERIOD_H1
2026.09.04 15:00:00,1788534000,4466.92,4476.16,4378.10,4393.78,21143,0,0.29,XAUUSD.vx,PERIOD_H1
2026.09.04 16:00:00,1788537600,4393.78,4434.68,4365.46,4413.40,26111,0,0.29,XAUUSD.vx,PERIOD_H1
2026.09.04 17:00:00,1788541200,4413.19,4442.47,4412.01,4427.40,27114,0,0.29,XAUUSD.vx,PERIOD_H1
2026.09.04 18:00:00,1788544800,4427.42,4448.97,4422.67,4436.60,23566,0,0.29,XAUUSD.vx,PERIOD_H1
2026.09.04 19:00:00,1788548400,4436.60,4443.38,4432.18,4436.37,19666,0,0.29,XAUUSD.vx,PERIOD_H1
2026.09.04 20:00:00,1788552000,4436.26,4440.36,4415.52,4416.53,19107,0,0.29,XAUUSD.vx,PERIOD_H1
2026.09.04 21:00:00,1788555600,4416.52,4426.60,4411.96,4423.92,14456,0,0.29,XAUUSD.vx,PERIOD_H1
2026.09.04 22:00:00,1788559200,4423.89,4438.33,4422.50,4434.81,13911,0,0.29,XAUUSD.vx,PERIOD_H1
2026.09.04 23:00:00,1788562800,4434.72,4435.07,4428.55,4431.14,5279,0,0.29,XAUUSD.vx,PERIOD_H1
2026.09.07 01:00:00,1788742800,4420.36,4435.12,4417.53,4429.38,8159,0,0.31,XAUUSD.vx,PERIOD_H1
2026.09.07 02:00:00,1788746400,4429.38,4434.00,4421.21,4423.26,9417,0,0.31,XAUUSD.vx,PERIOD_H1
2026.09.07 03:00:00,1788750000,4424.10,4429.48,4410.14,4412.53,16415,0,0.31,XAUUSD.vx,PERIOD_H1
2026.09.07 04:00:00,1788753600,4412.57,4416.74,4389.62,4409.08,25626,0,0.31,XAUUSD.vx,PERIOD_H1
2026.09.07 05:00:00,1788757200,4409.12,4418.94,4402.87,4408.74,17690,0,0.31,XAUUSD.vx,PERIOD_H1
2026.09.07 06:00:00,1788760800,4408.79,4410.40,4401.23,4404.03,13602,0,0.29,XAUUSD.vx,PERIOD_H1
2026.09.07 07:00:00,1788764400,4404.02,4407.12,4394.40,4397.93,8418,0,0.29,XAUUSD.vx,PERIOD_H1
2026.09.07 08:00:00,1788768000,4397.96,4413.18,4393.07,4393.99,14821,0,0.29,XAUUSD.vx,PERIOD_H1
2026.09.07 09:00:00,1788771600,4394.00,4399.77,4385.17,4392.76,15664,0,0.29,XAUUSD.vx,PERIOD_H1
2026.09.07 10:00:00,1788775200,4392.78,4406.56,4391.78,4406.30,15552,0,0.29,XAUUSD.vx,PERIOD_H1
2026.09.07 11:00:00,1788778800,4406.27,4423.81,4405.14,4410.88,15810,0,0.29,XAUUSD.vx,PERIOD_H1
2026.09.07 12:00:00,1788782400,4410.86,4413.67,4403.60,4405.65,9991,0,0.29,XAUUSD.vx,PERIOD_H1
2026.09.07 13:00:00,1788786000,4405.65,4406.17,4387.99,4391.68,10376,0,0.29,XAUUSD.vx,PERIOD_H1
2026.09.07 14:00:00,1788789600,4391.68,4394.89,4381.06,4385.22,11704,0,0.29,XAUUSD.vx,PERIOD_H1
2026.09.07 15:00:00,1788793200,4385.26,4397.99,4385.26,4396.73,11188,0,0.29,XAUUSD.vx,PERIOD_H1
2026.09.07 16:00:00,1788796800,4396.70,4407.76,4395.30,4402.57,15318,0,0.29,XAUUSD.vx,PERIOD_H1
2026.09.07 17:00:00,1788800400,4402.47,4419.53,4401.05,4416.02,14147,0,0.29,XAUUSD.vx,PERIOD_H1
2026.09.07 18:00:00,1788804000,4416.01,4416.55,4408.78,4414.40,10980,0,0.29,XAUUSD.vx,PERIOD_H1
2026.09.07 19:00:00,1788807600,4414.39,4417.21,4411.76,4414.40,5481,0,0.29,XAUUSD.vx,PERIOD_H1
2026.09.07 20:00:00,1788811200,4414.45,4415.02,4407.05,4407.05,3543,0,0.29,XAUUSD.vx,PERIOD_H1
2026.09.07 21:00:00,1788814800,4407.06,4409.08,4403.03,4406.08,3010,0,0.29,XAUUSD.vx,PERIOD_H1
2026.09.08 01:00:00,1788829200,4404.74,4414.46,4404.74,4407.52,5463,0,0.31,XAUUSD.vx,PERIOD_H1
2026.09.08 02:00:00,1788832800,4407.41,4427.92,4407.14,4422.91,11747,0,0.31,XAUUSD.vx,PERIOD_H1
2026.09.08 03:00:00,1788836400,4422.94,4430.07,4415.02,4426.32,22707,0,0.31,XAUUSD.vx,PERIOD_H1
2026.09.08 04:00:00,1788840000,4426.18,4440.60,4417.08,4436.99,24978,0,0.31,XAUUSD.vx,PERIOD_H1
2026.09.08 05:00:00,1788843600,4436.98,4438.61,4421.20,4424.17,18424,0,0.31,XAUUSD.vx,PERIOD_H1
2026.09.08 06:00:00,1788847200,4424.20,4440.04,4422.59,4437.66,13891,0,0.29,XAUUSD.vx,PERIOD_H1
2026.09.08 07:00:00,1788850800,4437.68,4442.86,4431.53,4435.95,11760,0,0.29,XAUUSD.vx,PERIOD_H1
2026.09.08 08:00:00,1788854400,4435.91,4437.64,4417.44,4418.90,18834,0,0.29,XAUUSD.vx,PERIOD_H1
2026.09.08 09:00:00,1788858000,4419.01,4420.07,4398.14,4403.61,20974,0,0.29,XAUUSD.vx,PERIOD_H1
2026.09.08 10:00:00,1788861600,4403.66,4409.39,4390.08,4392.29,16827,0,0.29,XAUUSD.vx,PERIOD_H1
2026.09.08 11:00:00,1788865200,4392.30,4398.56,4387.80,4394.17,16550,0,0.29,XAUUSD.vx,PERIOD_H1
2026.09.08 12:00:00,1788868800,4394.11,4405.60,4390.84,4402.87,14087,0,0.29,XAUUSD.vx,PERIOD_H1
2026.09.08 13:00:00,1788872400,4402.83,4406.69,4393.62,4395.22,12673,0,0.29,XAUUSD.vx,PERIOD_H1
2026.09.08 14:00:00,1788876000,4395.23,4407.83,4391.04,4406.32,13518,0,0.29,XAUUSD.vx,PERIOD_H1
2026.09.08 15:00:00,1788879600,4406.32,4411.71,4385.37,4411.40,19768,0,0.29,XAUUSD.vx,PERIOD_H1
2026.09.08 16:00:00,1788883200,4411.45,4412.85,4390.37,4395.57,24361,0,0.29,XAUUSD.vx,PERIOD_H1
2026.09.08 17:00:00,1788886800,4395.54,4403.54,4389.12,4398.57,23394,0,0.29,XAUUSD.vx,PERIOD_H1
2026.09.08 18:00:00,1788890400,4398.55,4409.24,4394.67,4394.68,19402,0,0.29,XAUUSD.vx,PERIOD_H1
2026.09.08 19:00:00,1788894000,4394.66,4398.29,4380.66,4393.64,18421,0,0.29,XAUUSD.vx,PERIOD_H1
2026.09.08 20:00:00,1788897600,4393.56,4403.67,4385.23,4389.90,15846,0,0.29,XAUUSD.vx,PERIOD_H1
2026.09.08 21:00:00,1788901200,4389.89,4390.22,4358.31,4375.60,17592,0,0.29,XAUUSD.vx,PERIOD_H1
2026.09.08 22:00:00,1788904800,4375.55,4377.18,4356.78,4359.35,19380,0,0.29,XAUUSD.vx,PERIOD_H1
2026.09.08 23:00:00,1788908400,4359.36,4364.31,4345.79,4353.48,8671,0,0.29,XAUUSD.vx,PERIOD_H1
2026.09.09 01:00:00,1788915600,4360.74,4360.74,4350.44,4354.10,7413,0,0.31,XAUUSD.vx,PERIOD_H1
2026.09.09 02:00:00,1788919200,4354.11,4359.86,4349.17,4349.88,8864,0,0.31,XAUUSD.vx,PERIOD_H1
2026.09.09 03:00:00,1788922800,4349.89,4365.54,4341.30,4364.68,18686,0,0.31,XAUUSD.vx,PERIOD_H1
2026.09.09 04:00:00,1788926400,4364.71,4378.04,4354.07,4373.66,22039,0,0.31,XAUUSD.vx,PERIOD_H1
2026.09.09 05:00:00,1788930000,4373.68,4384.34,4367.18,4382.12,18735,0,0.31,XAUUSD.vx,PERIOD_H1
2026.09.09 06:00:00,1788933600,4382.17,4382.68,4375.07,4375.14,12508,0,0.29,XAUUSD.vx,PERIOD_H1
2026.09.09 07:00:00,1788937200,4375.08,4382.45,4370.64,4381.59,9415,0,0.29,XAUUSD.vx,PERIOD_H1
2026.09.09 08:00:00,1788940800,4381.49,4400.83,4380.34,4398.71,14310,0,0.29,XAUUSD.vx,PERIOD_H1
2026.09.09 09:00:00,1788944400,4398.69,4405.96,4395.19,4400.51,14743,0,0.29,XAUUSD.vx,PERIOD_H1
2026.09.09 10:00:00,1788948000,4400.49,4412.75,4399.19,4409.15,13642,0,0.29,XAUUSD.vx,PERIOD_H1
2026.09.09 11:00:00,1788951600,4409.11,4411.92,4398.91,4400.54,12370,0,0.29,XAUUSD.vx,PERIOD_H1
2026.09.09 12:00:00,1788955200,4400.55,4402.22,4388.58,4390.66,13243,0,0.29,XAUUSD.vx,PERIOD_H1
2026.09.09 13:00:00,1788958800,4390.65,4403.10,4386.18,4399.52,14007,0,0.29,XAUUSD.vx,PERIOD_H1
2026.09.09 14:00:00,1788962400,4399.53,4415.26,4399.53,4407.15,13518,0,0.29,XAUUSD.vx,PERIOD_H1
2026.09.09 15:00:00,1788966000,4407.13,4409.30,4390.84,4399.96,18407,0,0.29,XAUUSD.vx,PERIOD_H1
2026.09.09 16:00:00,1788969600,4400.01,4434.00,4398.65,4415.00,26216,0,0.29,XAUUSD.vx,PERIOD_H1
2026.09.09 17:00:00,1788973200,4415.00,4428.58,4409.79,4418.64,25196,0,0.29,XAUUSD.vx,PERIOD_H1
2026.09.09 18:00:00,1788976800,4418.65,4431.89,4375.08,4398.38,26164,0,0.29,XAUUSD.vx,PERIOD_H1
2026.09.09 19:00:00,1788980400,4398.42,4410.27,4391.51,4409.49,18843,0,0.29,XAUUSD.vx,PERIOD_H1
2026.09.09 20:00:00,1788984000,4409.49,4420.46,4408.77,4415.98,16964,0,0.29,XAUUSD.vx,PERIOD_H1
2026.09.09 21:00:00,1788987600,4415.98,4421.46,4401.63,4403.07,14440,0,0.29,XAUUSD.vx,PERIOD_H1
2026.09.09 22:00:00,1788991200,4403.20,4404.76,4395.57,4398.95,15621,0,0.29,XAUUSD.vx,PERIOD_H1
2026.09.09 23:00:00,1788994800,4399.06,4400.92,4393.47,4400.27,6048,0,0.29,XAUUSD.vx,PERIOD_H1
2026.09.10 01:00:00,1789002000,4403.74,4406.17,4397.64,4399.59,7573,0,0.31,XAUUSD.vx,PERIOD_H1
2026.09.10 02:00:00,1789005600,4399.58,4403.01,4393.14,4394.11,8818,0,0.31,XAUUSD.vx,PERIOD_H1
2026.09.10 03:00:00,1789009200,4394.09,4404.76,4389.64,4401.01,16225,0,0.31,XAUUSD.vx,PERIOD_H1
2026.09.10 04:00:00,1789012800,4401.01,4419.00,4400.25,4412.12,26225,0,0.31,XAUUSD.vx,PERIOD_H1
2026.09.10 05:00:00,1789016400,4412.15,4420.77,4408.03,4419.27,19685,0,0.31,XAUUSD.vx,PERIOD_H1
2026.09.10 06:00:00,1789020000,4419.33,4420.92,4406.85,4409.03,13212,0,0.29,XAUUSD.vx,PERIOD_H1
2026.09.10 07:00:00,1789023600,4409.07,4415.47,4405.64,4408.38,9275,0,0.29,XAUUSD.vx,PERIOD_H1
2026.09.10 08:00:00,1789027200,4408.42,4431.16,4408.13,4430.97,17741,0,0.29,XAUUSD.vx,PERIOD_H1
2026.09.10 09:00:00,1789030800,4430.93,4434.67,4410.87,4425.13,19368,0,0.29,XAUUSD.vx,PERIOD_H1
2026.09.10 10:00:00,1789034400,4425.12,4425.33,4403.99,4411.73,16556,0,0.29,XAUUSD.vx,PERIOD_H1
2026.09.10 11:00:00,1789038000,4411.66,4412.77,4392.48,4394.81,17538,0,0.29,XAUUSD.vx,PERIOD_H1
2026.09.10 12:00:00,1789041600,4394.80,4396.81,4388.34,4393.97,15161,0,0.29,XAUUSD.vx,PERIOD_H1
2026.09.10 13:00:00,1789045200,4393.96,4400.18,4375.32,4378.91,20233,0,0.29,XAUUSD.vx,PERIOD_H1
2026.09.10 14:00:00,1789048800,4378.89,4390.64,4374.43,4374.52,21275,0,0.29,XAUUSD.vx,PERIOD_H1
2026.09.10 15:00:00,1789052400,4374.50,4377.89,4324.08,4339.91,24871,0,0.29,XAUUSD.vx,PERIOD_H1
2026.09.10 16:00:00,1789056000,4339.93,4375.80,4339.41,4365.84,26615,0,0.29,XAUUSD.vx,PERIOD_H1
2026.09.10 17:00:00,1789059600,4365.90,4376.28,4353.96,4358.06,27421,0,0.29,XAUUSD.vx,PERIOD_H1
2026.09.10 18:00:00,1789063200,4358.05,4372.11,4352.62,4365.71,24436,0,0.29,XAUUSD.vx,PERIOD_H1
2026.09.10 19:00:00,1789066800,4365.72,4370.00,4354.08,4363.97,23173,0,0.29,XAUUSD.vx,PERIOD_H1
2026.09.10 20:00:00,1789070400,4364.07,4367.74,4351.08,4352.57,21055,0,0.29,XAUUSD.vx,PERIOD_H1
2026.09.10 21:00:00,1789074000,4352.62,4356.04,4329.81,4332.87,23396,0,0.29,XAUUSD.vx,PERIOD_H1
2026.09.10 22:00:00,1789077600,4332.83,4332.84,4313.68,4324.20,21855,0,0.29,XAUUSD.vx,PERIOD_H1
2026.09.10 23:00:00,1789081200,4324.38,4324.39,4314.52,4316.87,9018,0,0.29,XAUUSD.vx,PERIOD_H1
2026.09.11 01:00:00,1789088400,4320.84,4324.77,4313.69,4318.45,8308,0,0.31,XAUUSD.vx,PERIOD_H1
2026.09.11 02:00:00,1789092000,4318.56,4320.43,4311.17,4315.18,9305,0,0.31,XAUUSD.vx,PERIOD_H1
2026.09.11 03:00:00,1789095600,4315.15,4333.78,4312.71,4332.06,20232,0,0.31,XAUUSD.vx,PERIOD_H1
2026.09.11 04:00:00,1789099200,4332.05,4340.38,4320.87,4329.27,25204,0,0.31,XAUUSD.vx,PERIOD_H1
2026.09.11 05:00:00,1789102800,4329.24,4334.52,4315.91,4322.63,20901,0,0.31,XAUUSD.vx,PERIOD_H1
2026.09.11 06:00:00,1789106400,4322.63,4326.45,4300.68,4303.78,19921,0,0.29,XAUUSD.vx,PERIOD_H1
2026.09.11 07:00:00,1789110000,4303.96,4335.27,4301.96,4331.71,17165,0,0.29,XAUUSD.vx,PERIOD_H1
2026.09.11 08:00:00,1789113600,4331.71,4351.86,4328.18,4345.87,19893,0,0.29,XAUUSD.vx,PERIOD_H1
2026.09.11 09:00:00,1789117200,4345.98,4360.88,4345.87,4353.14,20936,0,0.29,XAUUSD.vx,PERIOD_H1
2026.09.11 10:00:00,1789120800,4353.15,4356.13,4340.45,4344.82,15255,0,0.29,XAUUSD.vx,PERIOD_H1
2026.09.11 11:00:00,1789124400,4344.77,4357.30,4342.27,4346.97,17068,0,0.29,XAUUSD.vx,PERIOD_H1
2026.09.11 12:00:00,1789128000,4346.98,4353.95,4340.73,4346.29,14003,0,0.29,XAUUSD.vx,PERIOD_H1
2026.09.11 13:00:00,1789131600,4346.43,4349.87,4336.69,4337.55,13652,0,0.29,XAUUSD.vx,PERIOD_H1
2026.09.11 14:00:00,1789135200,4337.52,4342.53,4330.08,4333.40,17472,0,0.29,XAUUSD.vx,PERIOD_H1
2026.09.11 15:00:00,1789138800,4333.39,4390.03,4291.79,4388.50,23593,0,0.29,XAUUSD.vx,PERIOD_H1
2026.09.11 16:00:00,1789142400,4388.49,4402.26,4380.42,4401.46,25778,0,0.29,XAUUSD.vx,PERIOD_H1
2026.09.11 17:00:00,1789146000,4401.43,4402.42,4364.67,4370.68,25938,0,0.29,XAUUSD.vx,PERIOD_H1
2026.09.11 18:00:00,1789149600,4370.67,4377.12,4359.13,4366.94,22971,0,0.29,XAUUSD.vx,PERIOD_H1
2026.09.11 19:00:00,1789153200,4366.91,4372.64,4351.90,4361.58,21399,0,0.29,XAUUSD.vx,PERIOD_H1
2026.09.11 20:00:00,1789156800,4361.58,4370.35,4357.80,4358.15,17827,0,0.29,XAUUSD.vx,PERIOD_H1
2026.09.11 21:00:00,1789160400,4358.18,4360.04,4344.18,4346.86,18477,0,0.29,XAUUSD.vx,PERIOD_H1
2026.09.11 22:00:00,1789164000,4346.91,4353.64,4342.72,4348.44,16284,0,0.29,XAUUSD.vx,PERIOD_H1
2026.09.11 23:00:00,1789167600,4348.49,4351.38,4345.49,4348.53,6811,0,0.29,XAUUSD.vx,PERIOD_H1
2026.09.14 01:00:00,1789347600,4335.74,4340.83,4319.69,4337.77,13613,0,0.31,XAUUSD.vx,PERIOD_H1
2026.09.14 02:00:00,1789351200,4337.77,4342.29,4331.81,4332.73,12308,0,0.31,XAUUSD.vx,PERIOD_H1
2026.09.14 03:00:00,1789354800,4332.74,4347.43,4329.80,4338.52,19956,0,0.31,XAUUSD.vx,PERIOD_H1
2026.09.14 04:00:00,1789358400,4338.51,4355.14,4326.17,4353.28,26820,0,0.31,XAUUSD.vx,PERIOD_H1
2026.09.14 05:00:00,1789362000,4353.19,4355.29,4330.18,4330.88,18414,0,0.31,XAUUSD.vx,PERIOD_H1
2026.09.14 06:00:00,1789365600,4330.87,4336.42,4327.18,4330.41,14501,0,0.29,XAUUSD.vx,PERIOD_H1
2026.09.14 07:00:00,1789369200,4330.33,4331.65,4322.05,4329.45,11123,0,0.29,XAUUSD.vx,PERIOD_H1
2026.09.14 08:00:00,1789372800,4329.45,4337.34,4323.27,4337.28,17615,0,0.29,XAUUSD.vx,PERIOD_H1
2026.09.14 09:00:00,1789376400,4337.31,4338.66,4320.59,4322.21,17801,0,0.29,XAUUSD.vx,PERIOD_H1
2026.09.14 10:00:00,1789380000,4322.20,4324.27,4307.81,4310.83,17277,0,0.29,XAUUSD.vx,PERIOD_H1
2026.09.14 11:00:00,1789383600,4310.84,4318.17,4303.19,4306.57,16953,0,0.29,XAUUSD.vx,PERIOD_H1
2026.09.14 12:00:00,1789387200,4306.59,4311.68,4278.42,4285.46,20951,0,0.29,XAUUSD.vx,PERIOD_H1
2026.09.14 13:00:00,1789390800,4285.45,4296.49,4278.30,4294.64,15093,0,0.29,XAUUSD.vx,PERIOD_H1
2026.09.14 14:00:00,1789394400,4294.65,4296.87,4284.27,4286.97,14991,0,0.29,XAUUSD.vx,PERIOD_H1
2026.09.14 15:00:00,1789398000,4287.09,4297.56,4265.87,4271.04,22274,0,0.29,XAUUSD.vx,PERIOD_H1
2026.09.14 16:00:00,1789401600,4271.05,4281.12,4253.67,4272.44,27476,0,0.29,XAUUSD.vx,PERIOD_H1
2026.09.14 17:00:00,1789405200,4272.36,4282.79,4263.95,4279.44,25006,0,0.29,XAUUSD.vx,PERIOD_H1
2026.09.14 18:00:00,1789408800,4279.69,4298.18,4272.48,4288.17,23620,0,0.29,XAUUSD.vx,PERIOD_H1
2026.09.14 19:00:00,1789412400,4288.18,4317.61,4286.31,4315.64,21725,0,0.29,XAUUSD.vx,PERIOD_H1
2026.09.14 20:00:00,1789416000,4315.63,4316.36,4307.71,4310.95,19839,0,0.29,XAUUSD.vx,PERIOD_H1
2026.09.14 21:00:00,1789419600,4310.96,4315.56,4304.74,4307.34,15849,0,0.29,XAUUSD.vx,PERIOD_H1
2026.09.14 22:00:00,1789423200,4307.31,4307.81,4282.86,4283.59,15071,0,0.29,XAUUSD.vx,PERIOD_H1
2026.09.14 23:00:00,1789426800,4283.44,4299.55,4282.33,4297.64,8021,0,0.29,XAUUSD.vx,PERIOD_H1
2026.09.15 01:00:00,1789434000,4296.10,4302.25,4292.76,4295.38,9515,0,0.31,XAUUSD.vx,PERIOD_H1
2026.09.15 02:00:00,1789437600,4295.30,4297.37,4287.19,4288.18,9686,0,0.31,XAUUSD.vx,PERIOD_H1
2026.09.15 03:00:00,1789441200,4288.17,4296.58,4283.20,4293.09,13871,0,0.31,XAUUSD.vx,PERIOD_H1
2026.09.15 04:00:00,1789444800,4293.06,4306.36,4287.92,4304.39,20589,0,0.31,XAUUSD.vx,PERIOD_H1
2026.09.15 05:00:00,1789448400,4304.40,4317.28,4304.40,4314.10,16208,0,0.31,XAUUSD.vx,PERIOD_H1
2026.09.15 06:00:00,1789452000,4314.16,4314.48,4303.28,4303.56,12336,0,0.29,XAUUSD.vx,PERIOD_H1
2026.09.15 07:00:00,1789455600,4303.51,4309.61,4300.74,4304.81,10725,0,0.29,XAUUSD.vx,PERIOD_H1
2026.09.15 08:00:00,1789459200,4304.80,4307.55,4289.05,4290.99,15843,0,0.29,XAUUSD.vx,PERIOD_H1
2026.09.15 09:00:00,1789462800,4290.97,4295.24,4285.90,4293.29,16739,0,0.29,XAUUSD.vx,PERIOD_H1
2026.09.15 10:00:00,1789466400,4293.27,4295.33,4276.18,4280.58,17334,0,0.29,XAUUSD.vx,PERIOD_H1
2026.09.15 11:00:00,1789470000,4280.61,4280.64,4261.32,4262.43,18003,0,0.29,XAUUSD.vx,PERIOD_H1
2026.09.15 12:00:00,1789473600,4262.42,4272.11,4261.48,4268.24,16126,0,0.29,XAUUSD.vx,PERIOD_H1
2026.09.15 13:00:00,1789477200,4268.23,4283.84,4268.23,4281.44,13275,0,0.29,XAUUSD.vx,PERIOD_H1
2026.09.15 14:00:00,1789480800,4281.44,4286.68,4278.57,4284.54,13485,0,0.29,XAUUSD.vx,PERIOD_H1
2026.09.15 15:00:00,1789484400,4284.46,4295.64,4271.31,4290.52,19003,0,0.29,XAUUSD.vx,PERIOD_H1
2026.09.15 16:00:00,1789488000,4290.45,4298.20,4283.71,4294.63,24471,0,0.29,XAUUSD.vx,PERIOD_H1
2026.09.15 17:00:00,1789491600,4294.65,4300.32,4273.79,4277.03,24466,0,0.29,XAUUSD.vx,PERIOD_H1
2026.09.15 18:00:00,1789495200,4277.04,4294.69,4276.52,4289.33,21542,0,0.29,XAUUSD.vx,PERIOD_H1
2026.09.15 19:00:00,1789498800,4289.36,4298.26,4285.46,4295.48,17272,0,0.29,XAUUSD.vx,PERIOD_H1
2026.09.15 20:00:00,1789502400,4295.54,4299.06,4290.22,4294.89,15356,0,0.29,XAUUSD.vx,PERIOD_H1
2026.09.15 21:00:00,1789506000,4294.92,4310.29,4292.91,4308.64,17325,0,0.29,XAUUSD.vx,PERIOD_H1
2026.09.15 22:00:00,1789509600,4308.65,4310.63,4294.21,4297.72,14601,0,0.29,XAUUSD.vx,PERIOD_H1
2026.09.15 23:00:00,1789513200,4297.68,4298.97,4291.79,4292.71,6513,0,0.29,XAUUSD.vx,PERIOD_H1
2026.09.16 01:00:00,1789520400,4293.13,4298.93,4288.79,4288.90,8235,0,0.31,XAUUSD.vx,PERIOD_H1
2026.09.16 02:00:00,1789524000,4288.91,4289.50,4281.11,4283.48,9039,0,0.31,XAUUSD.vx,PERIOD_H1
2026.09.16 03:00:00,1789527600,4283.51,4286.15,4275.48,4277.43,12435,0,0.31,XAUUSD.vx,PERIOD_H1
2026.09.16 04:00:00,1789531200,4277.40,4293.63,4276.70,4282.47,18596,0,0.31,XAUUSD.vx,PERIOD_H1
2026.09.16 05:00:00,1789534800,4282.44,4323.34,4281.88,4321.57,20150,0,0.31,XAUUSD.vx,PERIOD_H1
2026.09.16 06:00:00,1789538400,4321.59,4341.04,4321.39,4327.00,18081,0,0.29,XAUUSD.vx,PERIOD_H1
2026.09.16 07:00:00,1789542000,4327.00,4328.46,4320.52,4321.82,8432,0,0.29,XAUUSD.vx,PERIOD_H1
2026.09.16 08:00:00,1789545600,4321.83,4333.75,4320.71,4326.42,13509,0,0.29,XAUUSD.vx,PERIOD_H1
2026.09.16 09:00:00,1789549200,4326.44,4333.06,4321.50,4332.90,14879,0,0.29,XAUUSD.vx,PERIOD_H1
2026.09.16 10:00:00,1789552800,4332.86,4339.06,4328.47,4329.23,13847,0,0.29,XAUUSD.vx,PERIOD_H1
2026.09.16 11:00:00,1789556400,4329.31,4337.52,4322.99,4330.26,15351,0,0.29,XAUUSD.vx,PERIOD_H1
2026.09.16 12:00:00,1789560000,4330.29,4339.31,4327.40,4338.05,13959,0,0.29,XAUUSD.vx,PERIOD_H1
2026.09.16 13:00:00,1789563600,4338.06,4350.79,4337.59,4350.79,14592,0,0.29,XAUUSD.vx,PERIOD_H1
2026.09.16 14:00:00,1789567200,4350.68,4353.57,4341.60,4341.69,14583,0,0.29,XAUUSD.vx,PERIOD_H1
2026.09.16 15:00:00,1789570800,4341.68,4348.94,4335.53,4347.61,16877,0,0.29,XAUUSD.vx,PERIOD_H1
